,county_name,population,state_id
0,Abbeville,9703,41
1,Aiken,84154,41
2,Allendale,5168,41
3,Anderson,221781,41
4,Bamberg,6978,41
5,Barnwell,10725,41
6,Beaufort,167680,41
7,Berkeley,132652,41
8,Charleston,924636,41
9,Clarendon,10644,41
10,Colleton,8135,41
11,Darlington,20074,41
12,Dillon,11292,41
13,Dorchester,74170,41
14,Edgefield,8325,41
15,Florence,103046,41
16,Georgetown,31562,41
17,Greenville,815137,41
18,Greenwood,32152,41
19,Horry,426153,41
20,Kershaw,21881,41
21,Lexington,126934,41
22,Marlboro,10745,41
23,McCormick,4106,41
24,Newberry,14482,41
25,Oconee,27490,41
26,Orangeburg,29778,41
27,Pickens,74284,41
28,Richland,870946,41
29,Saluda,4267,41
30,Spartanburg,300600,41
31,Acadia,29302,18
32,Ascension,56055,18
33,Assumption,10546,18
34,Avoyelles,17239,18
35,Beauregard,12451,18
36,Bienville,6461,18
37,Bossier,82287,18
38,Caddo,316507,18
39,Calcasieu,212348,18
40,Catahoula,3207,18
41,Concordia,10729,18
42,De Soto,10238,18
43,East Baton Rouge,759385,18
44,East Carroll,3288,18
45,East Feliciana,8286,18
46,Evangeline,14427,18
47,Iberia,35546,18
48,Iberville,18772,18
49,Jefferson Davis,19163,18
50,Lafayette,371061,18
51,Lafourche,76038,18
52,Morehouse,11153,18
53,Natchitoches,23256,18
54,Orleans,947406,18
55,Ouachita,179996,18
56,Plaquemines,18614,18
57,Pointe Coupee,8464,18
58,Rapides,103234,18
59,Sabine,11423,18
60,St. Bernard,41234,18
61,St. Helena,1446,18
62,St. James,19046,18
63,St. John the Baptist,42700,18
64,St. Landry,39306,18
65,St. Martin,20556,18
66,St. Mary,39752,18
67,St. Tammany,234864,18
68,Tangipahoa,96919,18
69,Tensas,2493,18
70,Terrebonne,189317,18
71,Vernon,46790,18
72,West Baton Rouge,17226,18
73,West Carroll,3373,18
74,West Feliciana,1950,18
75,Winn,5919,18
76,Accomack,20638,47
77,Albemarle,39667,47
78,Alexandria,158185,47
79,Alleghany,7833,47
80,Amelia,1004,47
81,Amherst,13294,47
82,Appomattox,2284,47
83,Arlington,235764,47
84,Augusta,38789,47
85,Bland,786,47
86,Botetourt,13871,47
87,Buckingham,935,47
88,Charles City,73,47
89,Charlottesville,102164,47
90,Chesapeake,247172,47
91,Chesterfield,158850,47
92,Colonial Heights,18127,47
93,Culpeper,19873,47
94,Danville,42556,47
95,Dickenson,2201,47
96,Dinwiddie,1078,47
97,Emporia,5761,47
98,Fairfax,1162491,47
99,Falls Church,14494,47
100,Fauquier,30855,47
101,Fluvanna,10590,47
102,Fredericksburg,155414,47
103,Galax,6681,47
104,Goochland,601,47
105,Hampton,145534,47
106,Hanover,45409,47
107,Harrisonburg,74901,47
108,Henrico,201762,47
109,Hopewell,23020,47
110,Isle of Wight,21112,47
111,King George,10255,47
112,King William,5010,47
113,King and Queen,73,47
114,Loudoun,323723,47
115,Lunenburg,3431,47
116,Lynchburg,120877,47
117,Manassas,42596,47
118,Manassas Park,17081,47
119,Martinsville,13476,47
120,Mathews,1769,47
121,New Kent,851,47
122,Newport News,185069,47
123,Norfolk,343753,47
124,Norton,7415,47
125,Nottoway,6923,47
126,Patrick,3606,47
127,Petersburg,36502,47
128,Pittsylvania,10150,47
129,Poquoson,12382,47
130,Portsmouth,97454,47
131,Powhatan,447,47
132,Prince Edward,9106,47
133,Prince George,8840,47
134,Prince William,383129,47
135,Radford,16205,47
136,Rappahannock,1693,47
137,Richmond,1943099,47
138,Roanoke,265798,47
139,Rockbridge,3901,47
140,Salem,43397,47
141,Shenandoah,21441,47
142,Smyth,15230,47
143,Southampton,4504,47
144,Spotsylvania,8488,47
145,Stafford,23051,47
146,Staunton,25358,47
147,Virginia Beach,1500764,47
148,Waynesboro,22149,47
149,Williamsburg,88005,47
150,Winchester,74593,47
151,Wythe,11817,47
152,Ada,618945,12
153,Bannock,96881,12
154,Bear Lake,4392,12
155,Benewah,4409,12
156,Bingham,24189,12
157,Blaine,27873,12
158,Boise,3592,12
159,Bonner,16177,12
160,Bonneville,127087,12
161,Boundary,3669,12
162,Camas,493,12
163,Canyon,268247,12
164,Caribou,4703,12
165,Cassia,13093,12
166,Clearwater,6630,12
167,Gem,7987,12
168,Gooding,8009,12
169,Idaho,5809,12
170,Jerome,13483,12
171,Kootenai,185425,12
172,Latah,30335,12
173,Lemhi,3234,12
174,Minidoka,11303,12
175,Nez Perce,36299,12
176,Owyhee,4730,12
177,Payette,15535,12
178,Power,5530,12
179,Shoshone,8970,12
180,Twin Falls,65266,12
181,Valley,12773,12
182,Adair,41326,25
183,Andrew,9442,25
184,Audrain,17072,25
185,Barry,35068,25
186,Bates,9089,25
187,Bollinger,2009,25
188,Boone,382502,25
189,Buchanan,98180,25
190,Callaway,20420,25
191,Cape Girardeau,57558,25
192,Cedar,21696,25
193,Chariton,3301,25
194,Cole,49261,25
195,Cooper,10329,25
196,Dent,4901,25
197,Dunklin,21505,25
198,Gasconade,6422,25
199,Gentry,4200,25
200,Greene,596025,25
201,Hickory,2377,25
202,Howell,17359,25
203,Jackson,2818164,25
204,Jasper,204177,25
205,Laclede,15889,25
206,Maries,2284,25
207,McDonald,8582,25
208,Moniteau,8438,25
209,New Madrid,10969,25
210,Nodaway,14380,25
211,Oregon,2840,25
212,Ozark,1315,25
213,Pemiscot,11246,25
214,Perry,73757,25
215,Pettis,24170,25
216,Phelps,31902,25
217,Ralls,2532,25
218,Ray,10234,25
219,Reynolds,1644,25
220,Shannon,1888,25
221,St. Charles,360222,25
222,St. Francois,48390,25
223,St. Louis,3138234,25
224,Ste. Genevieve,6668,25
225,Stoddard,15851,25
226,Taney,24781,25
227,Adams,663387,5
228,Alamosa,11250,5
229,Arapahoe,658051,5
230,Archuleta,1932,5
231,Baca,2257,5
232,Bent,2768,5
233,Boulder,384223,5
234,Broomfield,72697,5
235,Chaffee,10320,5
236,Clear Creek,7913,5
237,Conejos,4164,5
238,Costilla,1620,5
239,Crowley,3620,5
240,Denver,2650725,5
241,Dolores,1040,5
242,Eagle,47776,5
243,Fremont,70371,5
244,Gilpin,962,5
245,Gunnison,9158,5
246,Hinsdale,550,5
247,Huerfano,3911,5
248,Kit Carson,4844,5
249,La Plata,23366,5
250,Larimer,413485,5
251,Las Animas,10023,5
252,Logan,115193,5
253,Mesa,196168,5
254,Moffat,9198,5
255,Montezuma,12223,5
256,Montrose,23299,5
257,Ouray,2844,5
258,Pitkin,10388,5
259,Prowers,9396,5
260,Pueblo,181509,5
261,Rio Blanco,4863,5
262,Rio Grande,6861,5
263,Routt,16812,5
264,Saguache,3033,5
265,Teller,9776,5
266,Weld,330869,5
267,Addison,3560,46
268,Bennington,6658,46
269,Caledonia,2615,46
270,Chittenden,157011,46
271,Grand Isle,166,46
272,Lamoille,3675,46
273,Rutland,20525,46
274,Windsor,9464,46
275,Adjuntas,4447,39
276,Aguada,5737,39
277,Aguadilla,266721,39
278,Aguas Buenas,3773,39
279,Aibonito,9482,39
280,Arecibo,133372,39
281,Arroyo,11043,39
282,Añasco,9667,39
283,Barceloneta,11225,39
284,Barranquitas,3074,39
285,Bayamón,170028,39
286,Cabo Rojo,24617,39
287,Caguas,84809,39
288,Camuy,12666,39
289,Canóvanas,33422,39
290,Carolina,139735,39
291,Cataño,23536,39
292,Cayey,15582,39
293,Ceiba,8651,39
294,Ciales,5749,39
295,Cidra,10266,39
296,Coamo,15135,39
297,Comerío,5071,39
298,Corozal,11831,39
299,Culebra,1078,39
300,Dorado,22392,39
301,Fajardo,77689,39
302,Florida,70002,39
303,Guayama,70803,39
304,Guayanilla,6116,39
305,Guaynabo,70542,39
306,Gurabo,11236,39
307,Guánica,10169,39
308,Hatillo,12459,39
309,Hormigueros,11358,39
310,Humacao,30354,39
311,Isabela,11707,39
312,Jayuya,2672,39
313,Juana Díaz,89767,39
314,Juncos,10021,39
315,Lajas,9000,39
316,Lares,5203,39
317,Las Piedras,6773,39
318,Loíza,4522,39
319,Luquillo,10475,39
320,Manatí,19234,39
321,Maricao,974,39
322,Maunabo,5123,39
323,Mayagüez,93426,39
324,Moca,7240,39
325,Morovis,5662,39
326,Naguabo,10056,39
327,Naranjito,3351,39
328,Orocovis,1105,39
329,Patillas,3779,39
330,Peñuelas,10732,39
331,Ponce,133624,39
332,Quebradillas,8782,39
333,Rincón,2793,39
334,Río Grande,19500,39
335,Sabana Grande,14395,39
336,Salinas,17317,39
337,San Germán,104886,39
338,San Juan,2043501,39
339,San Lorenzo,9808,39
340,San Sebastián,10229,39
341,Santa Isabel,12335,39
342,Toa Alta,18828,39
343,Toa Baja,45342,39
344,Trujillo Alto,44203,39
345,Utuado,8246,39
346,Vega Alta,12761,39
347,Vega Baja,27895,39
348,Vieques,3118,39
349,Villalba,2966,39
350,Yabucoa,15220,39
351,Yauco,81663,39
352,Aitkin,3493,23
353,Anoka,356409,23
354,Becker,13710,23
355,Beltrami,21263,23
356,Big Stone,3329,23
357,Blue Earth,55411,23
358,Carlton,21880,23
359,Carver,96686,23
360,Chisago,37982,23
361,Clay,399492,23
362,Cottonwood,8325,23
363,Crow Wing,35129,23
364,Dakota,436370,23
365,Faribault,9409,23
366,Fillmore,17934,23
367,Freeborn,22566,23
368,Goodhue,33238,23
369,Hennepin,3704233,23
370,Hubbard,5294,23
371,Isanti,17934,23
372,Itasca,22847,23
373,Kanabec,4259,23
374,Kandiyohi,27123,23
375,Kittson,2508,23
376,Koochiching,7646,23
377,Lac qui Parle,3633,23
378,Lake of the Woods,1245,23
379,Le Sueur,14014,23
380,Mahnomen,2843,23
381,McLeod,26381,23
382,Meeker,11539,23
383,Mille Lacs,11320,23
384,Morrison,15339,23
385,Mower,31701,23
386,Nicollet,28386,23
387,Nobles,17716,23
388,Norman,4116,23
389,Olmsted,137473,23
390,Otter Tail,26677,23
391,Pine,10933,23
392,Pipestone,6248,23
393,Ramsey,535423,23
394,Red Lake,2091,23
395,Redwood,9957,23
396,Renville,11106,23
397,Rice,60626,23
398,Roseau,6151,23
399,Sherburne,48778,23
400,Sibley,8540,23
401,Stearns,191565,23
402,Steele,31170,23
403,Swift,6116,23
404,Todd,17155,23
405,Traverse,2073,23
406,Wabasha,14305,23
407,Wadena,9234,23
408,Waseca,12948,23
409,Watonwan,8356,23
410,Wilkin,4568,23
411,Winona,39067,23
412,Wright,125478,23
413,Yellow Medicine,3974,23
414,Alachua,241699,9
415,Bay,323531,9
416,Bradford,25385,9
417,Brevard,924112,9
418,Broward,1933620,9
419,Charlotte,112220,9
420,Citrus,181561,9
421,Collier,147179,9
422,Dixie,2409,9
423,Duval,1273460,9
424,Escambia,558015,9
425,Flagler,412626,9
426,Gadsden,18865,9
427,Gilchrist,2490,9
428,Glades,3158,9
429,Gulf,5471,9
430,Hardee,11568,9
431,Hendry,25983,9
432,Hernando,232365,9
433,Highlands,75445,9
434,Hillsborough,4074087,9
435,Indian River,281200,9
436,Lee,1759655,9
437,Leon,288839,9
438,Levy,19798,9
439,Manatee,196138,9
440,Martin,126602,9
441,Miami-Dade,7738641,9
442,Okaloosa,131123,9
443,Okeechobee,11187,9
444,Orange,6671478,9
445,Osceola,517123,9
446,Palm Beach,882540,9
447,Pasco,419983,9
448,Pinellas,847126,9
449,Santa Rosa,331436,9
450,Sarasota,1140542,9
451,Seminole,334057,9
452,St. Johns,209332,9
453,St. Lucie,563766,9
454,Sumter,268376,9
455,Suwannee,7681,9
456,Volusia,574851,9
457,Wakulla,6954,9
458,Alamance,198324,33
459,Alexander,11680,33
460,Anson,10044,33
461,Ashe,3350,33
462,Avery,3628,33
463,Bertie,5833,33
464,Bladen,8309,33
465,Brunswick,73325,33
466,Buncombe,356898,33
467,Burke,44110,33
468,Cabarrus,341580,33
469,Caldwell,74887,33
470,Carteret,38065,33
471,Caswell,2992,33
472,Catawba,256785,33
473,Chowan,6679,33
474,Columbus,16062,33
475,Craven,74174,33
476,Cumberland,909628,33
477,Currituck,7982,33
478,Dare,25843,33
479,Davie,11310,33
480,Duplin,15566,33
481,Durham,401719,33
482,Edgecombe,14657,33
483,Forsyth,499978,33
484,Gaston,263998,33
485,Gates,366,33
486,Granville,23251,33
487,Guilford,572188,33
488,Halifax,39923,33
489,Harnett,55041,33
490,Haywood,33436,33
491,Hertford,8899,33
492,Hoke,10337,33
493,Hyde,2489,33
494,Iredell,92919,33
495,Johnston,69244,33
496,Lenoir,24658,33
497,McDowell,18497,33
498,Mecklenburg,1698602,33
499,Moore,86102,33
500,Nash,77651,33
501,New Hanover,337370,33
502,Onslow,147293,33
503,Pamlico,5321,33
504,Pasquotank,18466,33
505,Pender,16454,33
506,Perquimans,2795,33
507,Person,8097,33
508,Pitt,149423,33
509,Randolph,142155,33
510,Robeson,36896,33
511,Rowan,66584,33
512,Sampson,15520,33
513,Scotland,21487,33
514,Stanly,32786,33
515,Stokes,11619,33
516,Surry,21459,33
517,Swain,3775,33
518,Transylvania,8412,33
519,Tyrrell,498,33
520,Vance,16539,33
521,Wake,1515504,33
522,Watauga,23222,33
523,Wilkes,24688,33
524,Wilson,158361,33
525,Yadkin,7703,33
526,Yancey,2065,33
527,Alameda,1668687,4
528,Alpine,863,4
529,Amador,29523,4
530,Butte,208003,4
531,Calaveras,28956,4
532,Colusa,17458,4
533,Contra Costa,1857006,4
534,Del Norte,12773,4
535,El Dorado,133552,4
536,Fresno,1069174,4
537,Glenn,16939,4
538,Humboldt,132140,4
539,Imperial,228124,4
540,Inyo,15596,4
541,Kern,1049602,4
542,Lassen,25923,4
543,Los Angeles,18408104,4
544,Madera,148832,4
545,Marin,245216,4
546,Mariposa,7412,4
547,Mendocino,45054,4
548,Merced,310151,4
549,Modoc,5062,4
550,Mono,12595,4
551,Monterey,504000,4
552,Napa,126937,4
553,Nevada,57430,4
554,Placer,342671,4
555,Plumas,15743,4
556,Riverside,4807275,4
557,Sacramento,2963560,4
558,San Benito,49638,4
559,San Bernardino,2303953,4
560,San Diego,4833276,4
561,San Francisco,3290197,4
562,San Joaquin,811753,4
563,San Luis Obispo,274683,4
564,San Mateo,745738,4
565,Santa Barbara,574759,4
566,Santa Clara,2670151,4
567,Santa Cruz,417935,4
568,Shasta,178780,4
569,Siskiyou,26123,4
570,Solano,521345,4
571,Sonoma,547179,4
572,Stanislaus,694386,4
573,Sutter,133999,4
574,Tehama,33525,4
575,Trinity,18831,4
576,Tulare,525932,4
577,Tuolumne,34359,4
578,Ventura,1060155,4
579,Yolo,215435,4
580,Yuba,69791,4
581,Albany,726388,32
582,Bronx,1472654,32
583,Broome,200392,32
584,Cattaraugus,31911,32
585,Cayuga,34978,32
586,Chautauqua,72802,32
587,Chemung,77583,32
588,Chenango,8166,32
589,Cortland,23248,32
590,Dutchess,503806,32
591,Erie,1419050,32
592,Herkimer,19001,32
593,Kings,2909805,32
594,Monroe,1227583,32
595,Nassau,1361869,32
596,New York,1694263,32
597,Niagara,119836,32
598,Oneida,189591,32
599,Onondaga,518753,32
600,Ontario,20135,32
601,Oswego,42224,32
602,Otsego,26626,32
603,Queens,21378335,32
604,Rensselaer,80197,32
605,Rockland,297015,32
606,Saratoga,96487,32
607,Schenectady,86933,32
608,Schoharie,1316,32
609,St. Lawrence,16255,32
610,Steuben,44684,32
611,Tioga,24878,32
612,Tompkins,56905,32
613,Ulster,71747,32
614,Westchester,736693,32
615,Yates,9142,32
616,Alcona,1933,22
617,Alger,2592,22
618,Allegan,26655,22
619,Alpena,11078,22
620,Antrim,6994,22
621,Arenac,3562,22
622,Baraga,4915,22
623,Benzie,4316,22
624,Berrien,73542,22
625,Branch,19430,22
626,Charlevoix,10676,22
627,Cheboygan,7427,22
628,Clare,6438,22
629,Delta,38396,22
630,Dickinson,40709,22
631,Eaton,54970,22
632,Genesee,404189,22
633,Gladwin,4297,22
634,Gogebic,9216,22
635,Grand Traverse,19548,22
636,Gratiot,22703,22
637,Hillsdale,18041,22
638,Houghton,21439,22
639,Ingham,450514,22
640,Ionia,28989,22
641,Iosco,8726,22
642,Isabella,27400,22
643,Kalamazoo,295031,22
644,Kalkaska,5081,22
645,Kent,1159942,22
646,Keweenaw,851,22
647,Lapeer,21962,22
648,Leelanau,4028,22
649,Lenawee,46358,22
650,Luce,1436,22
651,Mackinac,3165,22
652,Macomb,489032,22
653,Manistee,9825,22
654,Marquette,50231,22
655,Mecosta,13370,22
656,Menominee,14545,22
657,Missaukee,2110,22
658,Montcalm,18658,22
659,Montmorency,2318,22
660,Muskegon,222604,22
661,Newaygo,9448,22
662,Oakland,912773,22
663,Oceana,7805,22
664,Ogemaw,6566,22
665,Ontonagon,3126,22
666,Oscoda,1497,22
667,Ottawa,219422,22
668,Presque Isle,4721,22
669,Roscommon,11138,22
670,Saginaw,163016,22
671,Sanilac,12875,22
672,Schoolcraft,2817,22
673,Shiawassee,30946,22
674,St. Clair,383985,22
675,Tuscola,16103,22
676,Van Buren,32375,22
677,Washtenaw,378050,22
678,Wayne,4612301,22
679,Wexford,13726,22
680,Alcorn,17900,24
681,Amite,2287,24
682,Attala,7959,24
683,Bolivar,23966,24
684,Chickasaw,14120,24
685,Coahoma,18477,24
686,Copiah,11529,24
687,DeSoto,160079,24
688,Forrest,99741,24
689,George,3343,24
690,Grenada,13696,24
691,Harrison,422958,24
692,Hinds,373668,24
693,Issaquena,538,24
694,Itawamba,6740,24
695,Jones,47774,24
696,Kemper,1479,24
697,Leake,7982,24
698,Leflore,17760,24
699,Neshoba,12294,24
700,Noxubee,4228,24
701,Oktibbeha,28989,24
702,Panola,21285,24
703,Pearl River,18506,24
704,Prentiss,9790,24
705,Quitman,4092,24
706,Rankin,78749,24
707,Sharkey,3507,24
708,Stone,15957,24
709,Sunflower,18724,24
710,Tallahatchie,6550,24
711,Tate,10103,24
712,Tippah,8968,24
713,Tishomingo,7285,24
714,Tunica,5264,24
715,Walthall,2107,24
716,Wilkinson,8300,24
717,Winston,14941,24
718,Yalobusha,4734,24
719,Yazoo,11963,24
720,Aleutians East,3409,1
721,Aleutians West,5251,1
722,Anchorage,292545,1
723,Bethel,18290,1
724,Bristol Bay,849,1
725,Chugach,6959,1
726,Copper River,2619,1
727,Denali,2117,1
728,Dillingham,4806,1
729,Fairbanks North Star,127395,1
730,Haines,2096,1
731,Hoonah-Angoon,2281,1
732,Juneau,43882,1
733,Kenai Peninsula,58320,1
734,Ketchikan Gateway,8506,1
735,Kodiak Island,13131,1
736,Kusilvak,8341,1
737,Lake and Peninsula,912,1
738,Matanuska-Susitna,101830,1
739,Nome,9852,1
740,North Slope,9767,1
741,Northwest Arctic,7698,1
742,Prince of Wales-Hyder,5393,1
743,Sitka,8518,1
744,Skagway,1217,1
745,Southeast Fairbanks,6543,1
746,Wrangell,2162,1
747,Yakutat,562,1
748,Yukon-Koyukuk,5243,1
749,Alfalfa,4506,36
750,Atoka,4631,36
751,Beckham,17829,36
752,Bryan,50303,36
753,Canadian,72280,36
754,Carter,71532,36
755,Choctaw,15554,36
756,Cimarron,1424,36
757,Cleveland,248441,36
758,Coal,2918,36
759,Comanche,110151,36
760,Cotton,3775,36
761,Craig,7458,36
762,Creek,38205,36
763,Custer,45101,36
764,Garfield,107980,36
765,Garvin,14182,36
766,Grady,40566,36
767,Greer,4509,36
768,Harmon,1705,36
769,Kay,37181,36
770,Kingfisher,9252,36
771,Kiowa,9274,36
772,Latimer,3743,36
773,Le Flore,27969,36
774,Love,4262,36
775,Major,4248,36
776,Mayes,20504,36
777,McClain,33627,36
778,McCurtain,13940,36
779,McIntosh,13008,36
780,Murray,19192,36
781,Muskogee,48814,36
782,Nowata,5129,36
783,Okfuskee,6091,36
784,Oklahoma,1243350,36
785,Okmulgee,22036,36
786,Osage,24808,36
787,Payne,62002,36
788,Pittsburg,29980,36
789,Pontotoc,32401,36
790,Pottawatomie,61230,36
791,Pushmataha,3549,36
792,Roger Mills,1425,36
793,Rogers,43650,36
794,Sequoyah,25380,36
795,Stephens,48224,36
796,Texas,27579,36
797,Tillman,5651,36
798,Tulsa,975606,36
799,Wagoner,22864,36
800,Washita,8108,36
801,Woods,6251,36
802,Woodward,13829,36
803,Allamakee,8389,15
804,Appanoose,7619,15
805,Audubon,3292,15
806,Black Hawk,168611,15
807,Bremer,18102,15
808,Buena Vista,23819,15
809,Cerro Gordo,38251,15
810,Clinton,197245,15
811,Des Moines,32160,15
812,Dubuque,88013,15
813,Emmet,18196,15
814,Guthrie,6257,15
815,Ida,5083,15
816,Keokuk,6359,15
817,Kossuth,9559,15
818,Linn,393174,15
819,Louisa,9652,15
820,Mahaska,15285,15
821,Marshall,183491,15
822,Mills,9895,15
823,Monona,6209,15
824,Muscatine,35736,15
825,O'Brien,11020,15
826,Page,21807,15
827,Palo Alto,6813,15
828,Pocahontas,6611,15
829,Polk,1811592,15
830,Pottawattamie,76263,15
831,Poweshiek,13760,15
832,Ringgold,3153,15
833,Sac,6555,15
834,Scott,583017,15
835,Sioux,29464,15
836,Story,89186,15
837,Tama,10772,15
838,Wapello,28311,15
839,Webster,79632,15
840,Winneshiek,10857,15
841,Woodbury,124470,15
842,Allegany,55421,20
843,Anne Arundel,533945,20
844,Baltimore,2962613,20
845,Calvert,40139,20
846,Caroline,20939,20
847,Carroll,277612,20
848,Cecil,30880,20
849,Charles,162468,20
850,Frederick,300701,20
851,Garrett,8376,20
852,Harford,368449,20
853,Howard,392717,20
854,Prince George's,901249,20
855,Queen Anne's,27582,20
856,St. Mary's,48496,20
857,Talbot,23285,20
858,Wicomico,125674,20
859,Allegheny,2228270,38
860,Armstrong,27157,38
861,Beaver,76721,38
862,Berks,464232,38
863,Blair,116062,38
864,Bucks,186084,38
865,Cambria,73872,38
866,Centre,140780,38
867,Chester,168907,38
868,Clarion,12980,38
869,Clearfield,33830,38
870,Dauphin,586538,38
871,Elk,23421,38
872,Forest,6499,38
873,Huntingdon,15274,38
874,Indiana,28166,38
875,Juniata,4685,38
876,Lackawanna,475367,38
877,Lancaster,916980,38
878,Lawrence,172350,38
879,Lebanon,125251,38
880,Lehigh,816733,38
881,Luzerne,221773,38
882,Lycoming,60908,38
883,McKean,19311,38
884,Mifflin,23605,38
885,Montour,4434,38
886,Northampton,202338,38
887,Northumberland,54507,38
888,Philadelphia,5512873,38
889,Schuylkill,87997,38
890,Snyder,17070,38
891,Susquehanna,6548,38
892,Venango,28545,38
893,Westmoreland,167400,38
894,York,743172,38
895,Allen,483232,14
896,Bartholomew,54358,14
897,Blackford,7798,14
898,Dearborn,28422,14
899,Delaware,466537,14
900,Dubois,26308,14
901,Elkhart,211030,14
902,Fountain,9456,14
903,Gibson,52182,14
904,Grant,215818,14
905,Hendricks,100986,14
906,Huntington,22459,14
907,Jay,10678,14
908,Jennings,11575,14
909,Kosciusko,32014,14
910,LaGrange,5643,14
911,LaPorte,104469,14
912,Marion,2663906,14
913,Noble,32458,14
914,Owen,5219,14
915,Parke,5182,14
916,Porter,113035,14
917,Posey,9931,14
918,Ripley,17527,14
919,Rush,11042,14
920,Spencer,13522,14
921,St. Joseph,415620,14
922,Starke,9683,14
923,Switzerland,2253,14
924,Tippecanoe,219855,14
925,Vanderburgh,231734,14
926,Vermillion,10051,14
927,Vigo,104072,14
928,Wabash,26125,14
929,Warrick,15905,14
930,Wells,17526,14
931,Whitley,29371,14
932,Andrews,14076,44
933,Angelina,49768,44
934,Aransas,13343,44
935,Archer,5279,44
936,Atascosa,21791,44
937,Austin,15023,44
938,Bailey,5781,44
939,Bandera,6648,44
940,Bastrop,43487,44
941,Baylor,2940,44
942,Bee,17095,44
943,Bell,443424,44
944,Bexar,2170843,44
945,Blanco,3832,44
946,Borden,173,44
947,Bosque,9918,44
948,Bowie,102041,44
949,Brazoria,311546,44
950,Brazos,295104,44
951,Brewster,6610,44
952,Briscoe,1028,44
953,Brooks,10143,44
954,Burleson,7872,44
955,Burnet,24324,44
956,Callahan,6849,44
957,Cameron,488786,44
958,Camp,4441,44
959,Carson,4471,44
960,Castro,5546,44
961,Childress,5751,44
962,Cochran,2095,44
963,Coke,2202,44
964,Coleman,5267,44
965,Collin,1037387,44
966,Collingsworth,2292,44
967,Colorado,11922,44
968,Comal,127967,44
969,Concho,2132,44
970,Cooke,24093,44
971,Coryell,78552,44
972,Cottle,1116,44
973,Crane,3628,44
974,Crosby,4229,44
975,Culberson,2060,44
976,Dallam,8755,44
977,Dallas,7330519,44
978,DeWitt,10887,44
979,Deaf Smith,15043,44
980,Denton,890476,44
981,Dickens,920,44
982,Dimmit,7375,44
983,Donley,2408,44
984,Eastland,12698,44
985,Ector,168283,44
986,El Paso,1720410,44
987,Ellis,153513,44
988,Erath,24600,44
989,Falls,9577,44
990,Fannin,23189,44
991,Fisher,2109,44
992,Foard,594,44
993,Fort Bend,402531,44
994,Freestone,8176,44
995,Frio,14035,44
996,Gaines,10045,44
997,Galveston,412737,44
998,Garza,4571,44
999,Gillespie,12579,44
1000,Glasscock,262,44
1001,Goliad,1759,44
1002,Gonzales,11316,44
1003,Gray,22181,44
1004,Grayson,131711,44
1005,Gregg,129036,44
1006,Grimes,9436,44
1007,Guadalupe,76425,44
1008,Hale,34330,44
1009,Hansford,4820,44
1010,Harris,6397821,44
1011,Hartley,617,44
1012,Haskell,14474,44
1013,Hays,151610,44
1014,Hemphill,2379,44
1015,Hidalgo,1388228,44
1016,Hockley,16593,44
1017,Hood,27483,44
1018,Hudspeth,1784,44
1019,Hunt,47059,44
1020,Hutchinson,21899,44
1021,Irion,1009,44
1022,Jack,5003,44
1023,Jim Hogg,4627,44
1024,Jim Wells,28327,44
1025,Karnes,8725,44
1026,Kaufman,80452,44
1027,Kenedy,164,44
1028,Kerr,27756,44
1029,Kimble,2591,44
1030,Kinney,2871,44
1031,Kleberg,27131,44
1032,La Salle,5094,44
1033,Lamar,60375,44
1034,Lamb,11153,44
1035,Lampasas,9318,44
1036,Lavaca,11431,44
1037,Lipscomb,2545,44
1038,Live Oak,4704,44
1039,Llano,17862,44
1040,Loving,8,44
1041,Lubbock,279122,44
1042,Lynn,4027,44
1043,Matagorda,26965,44
1044,Maverick,54594,44
1045,McCulloch,5542,44
1046,McLennan,267971,44
1047,McMullen,227,44
1048,Midland,175152,44
1049,Milam,13676,44
1050,Montague,10685,44
1051,Motley,988,44
1052,Nacogdoches,35452,44
1053,Navarro,34368,44
1054,Nolan,12192,44
1055,Nueces,364151,44
1056,Ochiltree,8954,44
1057,Palo Pinto,17717,44
1058,Parker,54677,44
1059,Parmer,7120,44
1060,Pecos,10270,44
1061,Potter,214263,44
1062,Presidio,5301,44
1063,Rains,3624,44
1064,Randall,17723,44
1065,Reagan,3000,44
1066,Real,1465,44
1067,Red River,9416,44
1068,Reeves,13014,44
1069,Refugio,5308,44
1070,Rockwall,90143,44
1071,Runnels,7606,44
1072,Rusk,27025,44
1073,San Augustine,2195,44
1074,San Jacinto,4666,44
1075,San Patricio,52576,44
1076,San Saba,3396,44
1077,Schleicher,2034,44
1078,Scurry,11878,44
1079,Shackelford,1821,44
1080,Smith,183897,44
1081,Somervell,2726,44
1082,Starr,50001,44
1083,Sterling,1219,44
1084,Stonewall,1078,44
1085,Sutton,2955,44
1086,Swisher,5890,44
1087,Tarrant,2005401,44
1088,Taylor,173219,44
1089,Terry,10249,44
1090,Throckmorton,994,44
1091,Titus,17274,44
1092,Tom Green,105266,44
1093,Travis,1847834,44
1094,Tyler,8409,44
1095,Upton,2801,44
1096,Uvalde,19560,44
1097,Val Verde,43219,44
1098,Van Zandt,19820,44
1099,Victoria,71246,44
1100,Walker,99123,44
1101,Waller,22968,44
1102,Webb,267738,44
1103,Wharton,25255,44
1104,Wheeler,7188,44
1105,Wichita,124308,44
1106,Wilbarger,10769,44
1107,Willacy,16861,44
1108,Williamson,607752,44
1109,Winkler,7109,44
1110,Wise,46783,44
1111,Yoakum,5630,44
1112,Young,12511,44
1113,Zapata,13304,44
1114,Zavala,9408,44
1115,Androscoggin,70207,19
1116,Aroostook,17387,19
1117,Kennebec,43253,19
1118,Oxford,2759,19
1119,Penobscot,53098,19
1120,Piscataquis,506,19
1121,Sagadahoc,8718,19
1122,Waldo,6890,19
1123,Antelope,3671,27
1124,Arthur,104,27
1125,Banner,66,27
1126,Box Butte,8831,27
1127,Buffalo,48698,27
1128,Burt,4839,27
1129,Chase,4167,27
1130,Cherry,3216,27
1131,Cheyenne,10765,27
1132,Colfax,17847,27
1133,Cuming,6048,27
1134,Dawes,6395,27
1135,Dawson,38633,27
1136,Dixon,4299,27
1137,Dodge,108126,27
1138,Douglas,1494033,27
1139,Dundy,1252,27
1140,Frontier,1577,27
1141,Furnas,4021,27
1142,Gage,16185,27
1143,Garden,1037,27
1144,Gosper,695,27
1145,Hayes,298,27
1146,Hitchcock,1733,27
1147,Holt,9560,27
1148,Hooker,412,27
1149,Kearney,4303,27
1150,Keith,6163,27
1151,Keya Paha,195,27
1152,Kimball,2837,27
1153,Lincoln,274485,27
1154,Loup,177,27
1155,Merrick,4508,27
1156,Morrill,2971,27
1157,Nance,2581,27
1158,Nemaha,11039,27
1159,Nuckolls,2878,27
1160,Otoe,11262,27
1161,Perkins,3648,27
1162,Platte,57575,27
1163,Red Willow,8454,27
1164,Richardson,6096,27
1165,Sarpy,126571,27
1166,Saunders,13792,27
1167,Scotts Bluff,28083,27
1168,Stanton,5331,27
1169,Thayer,3787,27
1170,Apache,35033,2
1171,Cochise,103557,2
1172,Coconino,135011,2
1173,Gila,52048,2
1174,Graham,27690,2
1175,Greenlee,6533,2
1176,La Paz,13782,2
1177,Maricopa,6814799,2
1178,Mohave,194493,2
1179,Navajo,86561,2
1180,Pima,1323300,2
1181,Pinal,359512,2
1182,Yavapai,251376,2
1183,Yuma,229650,2
1184,Appling,5907,10
1185,Atkinson,3770,10
1186,Bacon,3513,10
1187,Banks,2773,10
1188,Barrow,30816,10
1189,Bartow,35627,10
1190,Ben Hill,9028,10
1191,Bibb,165307,10
1192,Bleckley,5035,10
1193,Brantley,3179,10
1194,Bulloch,34540,10
1195,Butts,6786,10
1196,Candler,4191,10
1197,Catoosa,20234,10
1198,Charlton,5625,10
1199,Chatham,426102,10
1200,Chattahoochee,9533,10
1201,Chattooga,8170,10
1202,Cherokee,195885,10
1203,Clarke,171973,10
1204,Clayton,87337,10
1205,Clinch,3071,10
1206,Cobb,263716,10
1207,Colquitt,18639,10
1208,Columbia,246023,10
1209,Coweta,52001,10
1210,Crisp,11168,10
1211,Dade,7342,10
1212,Decatur,41527,10
1213,Dooly,7223,10
1214,Dougherty,88056,10
1215,Early,5835,10
1216,Elbert,12340,10
1217,Emanuel,11294,10
1218,Evans,4445,10
1219,Floyd,145122,10
1220,Fulton,5733974,10
1221,Gilmer,3929,10
1222,Glascock,1078,10
1223,Glynn,51272,10
1224,Gordon,20178,10
1225,Gwinnett,244578,10
1226,Habersham,16973,10
1227,Hall,217187,10
1228,Haralson,12088,10
1229,Hart,12513,10
1230,Heard,2225,10
1231,Henry,226599,10
1232,Houston,300168,10
1233,Irwin,3696,10
1234,Jeff Davis,5530,10
1235,Jenkins,2995,10
1236,Lanier,3053,10
1237,Laurens,44402,10
1238,Liberty,88533,10
1239,Long,2026,10
1240,Lowndes,132503,10
1241,Lumpkin,6471,10
1242,McDuffie,7514,10
1243,Meriwether,7369,10
1244,Mitchell,29384,10
1245,Muscogee,262061,10
1246,Newton,65685,10
1247,Oglethorpe,2633,10
1248,Paulding,27668,10
1249,Peach,14383,10
1250,Rabun,4515,10
1251,Rockdale,20619,10
1252,Schley,1697,10
1253,Screven,3982,10
1254,Spalding,27202,10
1255,Taliaferro,597,10
1256,Tattnall,7757,10
1257,Telfair,9094,10
1258,Terrell,6177,10
1259,Thomas,29488,10
1260,Tift,21891,10
1261,Toombs,15087,10
1262,Towns,2107,10
1263,Treutlen,2873,10
1264,Troup,38146,10
1265,Turner,11008,10
1266,Twiggs,1146,10
1267,Upson,15378,10
1268,Walton,57161,10
1269,Ware,17970,10
1270,Whitfield,92214,10
1271,Wilcox,8470,10
1272,Worth,13689,10
1273,Arkansas,12529,3
1274,Ashley,13027,3
1275,Baxter,19786,3
1276,Chicot,7082,3
1277,Cleburne,15357,3
1278,Conway,9488,3
1279,Craighead,91468,3
1280,Crawford,176566,3
1281,Crittenden,45969,3
1282,Cross,10470,3
1283,Desha,9006,3
1284,Drew,9920,3
1285,Faulkner,86518,3
1286,Garland,67563,3
1287,Hempstead,10370,3
1288,Hot Spring,13915,3
1289,Independence,20140,3
1290,Izard,8156,3
1291,Little River,6547,3
1292,Lonoke,45411,3
1293,Miller,42328,3
1294,Mississippi,44455,3
1295,Phillips,21646,3
1296,Poinsett,16031,3
1297,Pope,45069,3
1298,Prairie,5036,3
1299,Pulaski,691376,3
1300,Searcy,2448,3
1301,Sebastian,147876,3
1302,Sharp,11767,3
1303,St. Francis,17560,3
1304,Washington,2442897,3
1305,White,78160,3
1306,Woodruff,4686,3
1307,Yell,9476,3
1308,Ashland,38672,35
1309,Ashtabula,55277,35
1310,Athens,37393,35
1311,Auglaize,29157,35
1312,Belmont,34690,35
1313,Butler,434415,35
1314,Clermont,59291,35
1315,Columbiana,55647,35
1316,Coshocton,15695,35
1317,Cuyahoga,2557482,35
1318,Darke,25825,35
1319,Defiance,20953,35
1320,Franklin,2386541,35
1321,Gallia,6718,35
1322,Geauga,30631,35
1323,Guernsey,16036,35
1324,Hamilton,3032929,35
1325,Highland,16611,35
1326,Hocking,9757,35
1327,Holmes,22104,35
1328,Huron,53491,35
1329,Licking,135553,35
1330,Lorain,386481,35
1331,Lucas,567735,35
1332,Mahoning,436726,35
1333,Medina,114926,35
1334,Meigs,8113,35
1335,Miami,103133,35
1336,Montgomery,3679301,35
1337,Muskingum,39612,35
1338,Pickaway,28145,35
1339,Portage,131201,35
1340,Preble,21386,35
1341,Ross,27013,35
1342,Sandusky,34761,35
1343,Scioto,39499,35
1344,Seneca,35510,35
1345,Stark,445673,35
1346,Summit,890844,35
1347,Trumbull,127538,35
1348,Tuscarawas,58848,35
1349,Van Wert,14205,35
1350,Vinton,2812,35
1351,Wyandot,12375,35
1352,Asotin,21156,48
1353,Benton,682009,48
1354,Chelan,88159,48
1355,Clallam,39427,48
1356,Cowlitz,103620,48
1357,Ferry,2969,48
1358,Grays Harbor,56068,48
1359,Island,50307,48
1360,King,4930424,48
1361,Kitsap,361599,48
1362,Kittitas,25286,48
1363,Klickitat,10724,48
1364,Lewis,56998,48
1365,Mason,57717,48
1366,Okanogan,19084,48
1367,Pacific,11612,48
1368,Pend Oreille,2906,48
1369,Pierce,901588,48
1370,Skagit,114250,48
1371,Skamania,5351,48
1372,Snohomish,815623,48
1373,Spokane,618825,48
1374,Stevens,27634,48
1375,Thurston,318893,48
1376,Wahkiakum,3962,48
1377,Walla Walla,52936,48
1378,Whatcom,201221,48
1379,Whitman,42356,48
1380,Yakima,221860,48
1381,Atchison,15786,16
1382,Barber,2760,16
1383,Barton,27111,16
1384,Cloud,7214,16
1385,Coffey,5269,16
1386,Cowley,26536,16
1387,Doniphan,5035,16
1388,Ellsworth,5071,16
1389,Finney,30493,16
1390,Ford,41318,16
1391,Geary,25102,16
1392,Gove,1686,16
1393,Greeley,2292,16
1394,Harper,6646,16
1395,Harvey,29417,16
1396,Hodgeman,1047,16
1397,Jewell,1851,16
1398,Johnson,1061898,16
1399,Kearny,2671,16
1400,Kingman,4276,16
1401,Labette,14558,16
1402,Leavenworth,61354,16
1403,Lyon,106524,16
1404,McPherson,25061,16
1405,Neosho,11584,16
1406,Ness,2089,16
1407,Osborne,2853,16
1408,Pawnee,12302,16
1409,Pratt,7329,16
1410,Rawlins,1540,16
1411,Reno,49036,16
1412,Republic,3442,16
1413,Riley,66855,16
1414,Rooks,4089,16
1415,Saline,172843,16
1416,Sedgwick,574402,16
1417,Seward,32947,16
1418,Shawnee,150790,16
1419,Sherman,8800,16
1420,Trego,2025,16
1421,Wabaunsee,3317,16
1422,Wallace,1094,16
1423,Woodson,1845,16
1424,Wyandotte,168293,16
1425,Atlantic,390002,30
1426,Bergen,807156,30
1427,Burlington,91348,30
1428,Camden,435612,30
1429,Cape May,75592,30
1430,Essex,971219,30
1431,Gloucester,140148,30
1432,Hudson,634363,30
1433,Hunterdon,27136,30
1434,Mercer,612491,30
1435,Monmouth,321634,30
1436,Morris,317344,30
1437,Ocean,171947,30
1438,Passaic,462767,30
1439,Somerset,300461,30
1440,Sussex,133420,30
1441,Union,737329,30
1442,Aurora,1319,42
1443,Beadle,15543,42
1444,Bennett,1944,42
1445,Bon Homme,5251,42
1446,Brookings,28885,42
1447,Brule,3341,42
1448,Charles Mix,4540,42
1449,Codington,23767,42
1450,Corson,1802,42
1451,Davison,16501,42
1452,Day,3213,42
1453,Deuel,3624,42
1454,Dewey,5934,42
1455,Edmunds,2911,42
1456,Fall River,4690,42
1457,Faulk,1203,42
1458,Gregory,2716,42
1459,Haakon,752,42
1460,Hamlin,3823,42
1461,Hand,1569,42
1462,Hanson,1498,42
1463,Harding,664,42
1464,Hughes,23898,42
1465,Jerauld,1048,42
1466,Kingsbury,3394,42
1467,Lyman,2658,42
1468,McCook,2882,42
1469,Meade,25130,42
1470,Mellette,1115,42
1471,Miner,1243,42
1472,Minnehaha,215607,42
1473,Moody,3783,42
1474,Oglala Lakota,7821,42
1475,Pennington,124471,42
1476,Roberts,6403,42
1477,Sanborn,1165,42
1478,Spink,3765,42
1479,Stanley,2426,42
1480,Sully,771,42
1481,Tripp,3304,42
1482,Yankton,16299,42
1483,Ziebach,2187,42
1484,Autauga,44957,0
1485,Baldwin,156600,0
1486,Barbour,22685,0
1487,Bullock,3957,0
1488,Calhoun,293984,0
1489,Chambers,43841,0
1490,Chilton,14502,0
1491,Coffee,85391,0
1492,Colbert,36722,0
1493,Conecuh,4234,0
1494,Coosa,5569,0
1495,Covington,30246,0
1496,Crenshaw,4873,0
1497,Cullman,30356,0
1498,Dale,33510,0
1499,Elmore,70249,0
1500,Etowah,87805,0
1501,Geneva,12661,0
1502,Lauderdale,140075,0
1503,Limestone,40167,0
1504,Madison,1182568,0
1505,Marengo,10235,0
1506,Mobile,417284,0
1507,Morgan,202810,0
1508,Pike,119295,0
1509,Russell,59175,0
1510,Talladega,45316,0
1511,Tallapoosa,22572,0
1512,Tuscaloosa,198237,0
1513,Baker,20064,37
1514,Clackamas,292969,37
1515,Clatsop,29020,37
1516,Coos,56606,37
1517,Crook,17680,37
1518,Deschutes,165291,37
1519,Gilliam,1324,37
1520,Harney,4505,37
1521,Hood River,12907,37
1522,Josephine,50593,37
1523,Klamath,49326,37
1524,Lane,408694,37
1525,Malheur,17701,37
1526,Morrow,15279,37
1527,Multnomah,2185813,37
1528,Tillamook,16991,37
1529,Umatilla,61039,37
1530,Wallowa,4730,37
1531,Wasco,20685,37
1532,Yamhill,82292,37
1533,Ballard,2805,17
1534,Barren,18629,17
1535,Bath,3498,17
1536,Bourbon,20804,17
1537,Boyd,30900,17
1538,Boyle,20177,17
1539,Bracken,2006,17
1540,Breathitt,2312,17
1541,Breckinridge,5487,17
1542,Bullitt,49504,17
1543,Calloway,17780,17
1544,Carlisle,1327,17
1545,Casey,2018,17
1546,Christian,130586,17
1547,Daviess,103991,17
1548,Edmonson,1016,17
1549,Elliott,708,17
1550,Estill,3369,17
1551,Fayette,552435,17
1552,Fleming,3257,17
1553,Garrard,3845,17
1554,Graves,12486,17
1555,Greenup,19627,17
1556,Hardin,193446,17
1557,Harlan,12506,17
1558,Henderson,154154,17
1559,Hopkins,45083,17
1560,Jefferson,4055183,17
1561,Jessamine,37421,17
1562,Kenton,155028,17
1563,Knott,1266,17
1564,Larue,4504,17
1565,Laurel,10113,17
1566,Leslie,436,17
1567,Letcher,7396,17
1568,Magoffin,1957,17
1569,McCracken,44875,17
1570,McCreary,4006,17
1571,Menifee,821,17
1572,Metcalfe,2199,17
1573,Muhlenberg,13059,17
1574,Nelson,21868,17
1575,Oldham,28052,17
1576,Owsley,153,17
1577,Pendleton,3943,17
1578,Powell,7744,17
1579,Rockcastle,3783,17
1580,Simpson,17477,17
1581,Trigg,3050,17
1582,Trimble,1049,17
1583,Warren,518280,17
1584,Wolfe,440,17
1585,Woodford,36410,17
1586,Barnes,7718,34
1587,Benson,2478,34
1588,Billings,105,34
1589,Bottineau,3159,34
1590,Bowman,2178,34
1591,Burleigh,94577,34
1592,Cass,418866,34
1593,Cavalier,2523,34
1594,Dickey,3189,34
1595,Divide,1297,34
1596,Emmons,1714,34
1597,Foster,2345,34
1598,Golden Valley,1623,34
1599,Grand Forks,71081,34
1600,Griggs,1238,34
1601,Hettinger,1604,34
1602,Kidder,1232,34
1603,LaMoure,2184,34
1604,McKenzie,7223,34
1605,Morton,28966,34
1606,Mountrail,6781,34
1607,Oliver,624,34
1608,Pembina,4461,34
1609,Ransom,3517,34
1610,Rolette,6806,34
1611,Sargent,2427,34
1612,Slope,146,34
1613,Stutsman,17106,34
1614,Towner,1385,34
1615,Traill,5788,34
1616,Walsh,7574,34
1617,Ward,69960,34
1618,Williams,52428,34
1619,Barnstable,91165,21
1620,Berkshire,58088,21
1621,Bristol,412654,21
1622,Dukes,3630,21
1623,Hampden,757148,21
1624,Hampshire,32417,21
1625,Middlesex,1444210,21
1626,Nantucket,428,21
1627,Plymouth,180281,21
1628,Suffolk,5812140,21
1629,Worcester,815559,21
1630,Barron,21940,50
1631,Bayfield,3955,50
1632,Brown,456261,50
1633,Burnett,2916,50
1634,Calumet,29210,50
1635,Chippewa,64158,50
1636,Dane,667522,50
1637,Door,12111,50
1638,Dunn,26628,50
1639,Eau Claire,115158,50
1640,Fond du Lac,67041,50
1641,Green,23040,50
1642,Green Lake,9771,50
1643,Iowa,23816,50
1644,Kenosha,183980,50
1645,Kewaunee,9261,50
1646,La Crosse,142866,50
1647,Langlade,8820,50
1648,Manitowoc,58067,50
1649,Marathon,131770,50
1650,Marinette,19305,50
1651,Milwaukee,1702018,50
1652,Oconto,10915,50
1653,Outagamie,267932,50
1654,Ozaukee,74354,50
1655,Pepin,3029,50
1656,Price,4921,50
1657,Racine,245832,50
1658,Rock,138305,50
1659,Sauk,40813,50
1660,Sawyer,5849,50
1661,Shawano,16664,50
1662,Sheboygan,104403,50
1663,St. Croix,43511,50
1664,Trempealeau,15881,50
1665,Vilas,3646,50
1666,Walworth,72179,50
1667,Washburn,4822,50
1668,Waukesha,317714,50
1669,Waupaca,28002,50
1670,Waushara,7972,50
1671,Beaverhead,4677,26
1672,Big Horn,16231,26
1673,Broadwater,4114,26
1674,Cascade,72793,26
1675,Chouteau,4046,26
1676,Daniels,1121,26
1677,Deer Lodge,9380,26
1678,Fallon,2041,26
1679,Fergus,7606,26
1680,Flathead,59214,26
1681,Gallatin,87252,26
1682,Glacier,10079,26
1683,Granite,1453,26
1684,Hill,29968,26
1685,Judith Basin,656,26
1686,Lewis and Clark,63616,26
1687,McCone,542,26
1688,Meagher,1167,26
1689,Missoula,113590,26
1690,Musselshell,2209,26
1691,Petroleum,199,26
1692,Pondera,4315,26
1693,Powder River,496,26
1694,Ravalli,11747,26
1695,Rosebud,6803,26
1696,Sanders,4900,26
1697,Silver Bow,35017,26
1698,Stillwater,4477,26
1699,Sweet Grass,1860,26
1700,Toole,4117,26
1701,Treasure,227,26
1702,Wheatland,1275,26
1703,Wibaux,563,26
1704,Yellowstone,142067,26
1705,Bedford,52559,43
1706,Bledsoe,2546,43
1707,Blount,78605,43
1708,Bradley,96270,43
1709,Cannon,2954,43
1710,Cheatham,15001,43
1711,Claiborne,18201,43
1712,Cocke,7915,43
1713,Crockett,9272,43
1714,Davidson,1176952,43
1715,Dickson,24104,43
1716,Dyer,22979,43
1717,Fentress,4627,43
1718,Giles,18328,43
1719,Grainger,6799,43
1720,Hamblen,31253,43
1721,Hardeman,15257,43
1722,Hawkins,20794,43
1723,Hickman,8168,43
1724,Humphreys,11232,43
1725,Knox,793421,43
1726,Loudon,23931,43
1727,Maury,94102,43
1728,McMinn,21566,43
1729,McNairy,10936,43
1730,Obion,17937,43
1731,Overton,4255,43
1732,Pickett,1278,43
1733,Putnam,167194,43
1734,Rhea,10856,43
1735,Roane,20842,43
1736,Robertson,57191,43
1737,Rutherford,299341,43
1738,Sequatchie,6691,43
1739,Sevier,72217,43
1740,Shelby,1487567,43
1741,Stewart,4389,43
1742,Sullivan,241922,43
1743,Sumner,170000,43
1744,Tipton,37139,43
1745,Trousdale,11463,43
1746,Unicoi,11266,43
1747,Weakley,18732,43
1748,Belknap,19654,29
1749,Cheshire,24863,29
1750,Grafton,17974,29
1751,Merrimack,64549,29
1752,Rockingham,172920,29
1753,Strafford,134347,29
1754,Bernalillo,842614,31
1755,Catron,1762,31
1756,Chaves,51233,31
1757,Cibola,23868,31
1758,Curry,56209,31
1759,De Baca,1427,31
1760,Doña Ana,215191,31
1761,Eddy,52333,31
1762,Lea,63441,31
1763,Los Alamos,18986,31
1764,Luna,20140,31
1765,McKinley,52991,31
1766,Mora,1154,31
1767,Otero,60536,31
1768,Quay,6648,31
1769,Rio Arriba,30772,31
1770,Roosevelt,17652,31
1771,San Miguel,22531,31
1772,Sandoval,138131,31
1773,Santa Fe,149710,31
1774,Sierra,11807,31
1775,Socorro,12303,31
1776,Taos,20196,31
1777,Torrance,7006,31
1778,Valencia,65236,31
1779,Bond,10220,13
1780,Bureau,25163,13
1781,Champaign,262220,13
1782,Coles,37696,13
1783,Cook,10964232,13
1784,De Witt,10835,13
1785,DeKalb,621699,13
1786,DuPage,884059,13
1787,Edgar,12300,13
1788,Edwards,6522,13
1789,Effingham,35258,13
1790,Grundy,63676,13
1791,Iroquois,16907,13
1792,Jersey,9494,13
1793,Jo Daviess,12980,13
1794,Kane,556387,13
1795,Kankakee,138622,13
1796,Kendall,96711,13
1797,LaSalle,94220,13
1798,Lake,2006217,13
1799,Livingston,96909,13
1800,Macon,147126,13
1801,Macoupin,31100,13
1802,Massac,7134,13
1803,McDonough,22333,13
1804,McHenry,275642,13
1805,McLean,219849,13
1806,Menard,8455,13
1807,Moultrie,7836,13
1808,Ogle,32510,13
1809,Peoria,294427,13
1810,Piatt,12849,13
1811,Rock Island,130917,13
1812,Sangamon,212613,13
1813,Schuyler,10143,13
1814,Stephenson,32409,13
1815,Tazewell,132434,13
1816,Vermilion,79518,13
1817,Whiteside,37903,13
1818,Will,564501,13
1819,Winnebago,533568,13
1820,Box Elder,50964,45
1821,Cache,181173,45
1822,Daggett,406,45
1823,Davis,358369,45
1824,Duchesne,10517,45
1825,Emery,8159,45
1826,Grand,13838,45
1827,Iron,59371,45
1828,Juab,10594,45
1829,Millard,10062,45
1830,Piute,1640,45
1831,Rich,2143,45
1832,Salt Lake,2103214,45
1833,Sanpete,23707,45
1834,Tooele,63943,45
1835,Uintah,19977,45
1836,Utah,1080023,45
1837,Wasatch,26399,45
1838,Weber,770801,45
1839,Braxton,2654,49
1840,Brooke,9730,49
1841,Cabell,216802,49
1842,Doddridge,898,49
1843,Greenbrier,13290,49
1844,Hancock,229840,49
1845,Hardy,3400,49
1846,Kanawha,214679,49
1847,Mineral,16496,49
1848,Mingo,7190,49
1849,Monongalia,103670,49
1850,Nicholas,11745,49
1851,Ohio,91449,49
1852,Pleasants,2997,49
1853,Preston,9633,49
1854,Raleigh,40142,49
1855,Ritchie,3902,49
1856,Summers,2351,49
1857,Tucker,3623,49
1858,Upshur,15242,49
1859,Wetzel,8876,49
1860,Wirt,1213,49
1861,Wood,246928,49
1862,Wyoming,13590,49
1863,Campbell,151809,51
1864,Carbon,69647,51
1865,Converse,9977,51
1866,Goshen,7265,51
1867,Hot Springs,3687,51
1868,Laramie,96276,51
1869,Natrona,77990,51
1870,Niobrara,1762,51
1871,Park,30842,51
1872,Sheridan,30979,51
1873,Sublette,3927,51
1874,Sweetwater,41207,51
1875,Teton,28992,51
1876,Uinta,15821,51
1877,Washakie,5148,51
1878,Weston,4537,51
1879,Carson City,57957,28
1880,Churchill,9859,28
1881,Clark,4410719,28
1882,Elko,46542,28
1883,Esmeralda,710,28
1884,Eureka,783,28
1885,Lander,4230,28
1886,Nye,46694,28
1887,Pershing,3045,28
1888,Storey,770,28
1889,Washoe,642421,28
1890,White Pine,5382,28
1891,District of Columbia,4810669,8
1892,Fairfield,1669321,6
1893,Hartford,1120340,6
1894,Litchfield,70412,6
1895,New Haven,1069086,6
1896,New London,271703,6
1897,Tolland,36360,6
1898,Windham,46911,6
1899,Hawaii,153990,11
1900,Honolulu,1534005,11
1901,Kauai,68963,11
1902,Maui,160523,11
1903,New Castle,265575,7
1904,Newport,39063,40
1905,Providence,1579853,40
