0,total,1990,553290,Alaska
1,under18,1990,177502,Alaska
2,total,1992,588736,Alaska
3,under18,1991,182180,Alaska
4,under18,1992,184878,Alaska
5,total,1994,603308,Alaska
6,under18,1994,187439,Alaska
7,total,1991,570193,Alaska
8,total,1993,599434,Alaska
9,under18,1993,187190,Alaska
10,total,1995,604412,Alaska
11,under18,1995,184990,Alaska
12,total,1996,608569,Alaska
13,under18,1996,185360,Alaska
14,under18,1997,188280,Alaska
15,under18,1998,192636,Alaska
16,total,1998,619933,Alaska
17,total,1997,612968,Alaska
18,under18,1999,191422,Alaska
19,total,1999,624779,Alaska
20,total,2000,627963,Alaska
21,under18,2000,190615,Alaska
22,total,2001,633714,Alaska
23,under18,2001,188771,Alaska
24,total,2002,642337,Alaska
25,under18,2002,188482,Alaska
26,total,2003,648414,Alaska
27,under18,2003,186843,Alaska
28,total,2004,659286,Alaska
29,under18,2004,186335,Alaska
30,total,2005,666946,Alaska
31,under18,2005,185304,Alaska
32,total,2006,675302,Alaska
33,under18,2006,185580,Alaska
34,total,2007,680300,Alaska
35,under18,2007,184344,Alaska
36,total,2008,687455,Alaska
37,under18,2008,183124,Alaska
38,under18,2013,188132,Alaska
39,total,2013,735132,Alaska
40,total,2009,698895,Alaska
41,under18,2009,186351,Alaska
42,under18,2010,187902,Alaska
43,total,2010,713868,Alaska
44,under18,2011,188329,Alaska
45,total,2011,723375,Alaska
46,under18,2012,188162,Alaska
47,total,2012,730307,Alaska
48,under18,2012,1117489,Alabama
49,total,2012,4817528,Alabama
50,under18,2010,1130966,Alabama
51,total,2010,4785570,Alabama
52,under18,2011,1125763,Alabama
53,total,2011,4801627,Alabama
54,total,2009,4757938,Alabama
55,under18,2009,1134192,Alabama
56,under18,2013,1111481,Alabama
57,total,2013,4833722,Alabama
58,total,2007,4672840,Alabama
59,under18,2007,1132296,Alabama
60,total,2008,4718206,Alabama
61,under18,2008,1134927,Alabama
62,total,2005,4569805,Alabama
63,under18,2005,1117229,Alabama
64,total,2006,4628981,Alabama
65,under18,2006,1126798,Alabama
66,total,2004,4530729,Alabama
67,under18,2004,1113662,Alabama
68,total,2003,4503491,Alabama
69,under18,2003,1113083,Alabama
70,total,2001,4467634,Alabama
71,under18,2001,1120409,Alabama
72,total,2002,4480089,Alabama
73,under18,2002,1116590,Alabama
74,under18,1999,1121287,Alabama
75,total,1999,4430141,Alabama
76,total,2000,4452173,Alabama
77,under18,2000,1122273,Alabama
78,total,1998,4404701,Alabama
79,under18,1998,1118252,Alabama
80,under18,1997,1122893,Alabama
81,total,1997,4367935,Alabama
82,total,1996,4331103,Alabama
83,total,1995,4296800,Alabama
84,under18,1995,1110553,Alabama
85,under18,1996,1112092,Alabama
86,total,1994,4260229,Alabama
87,total,1993,4214202,Alabama
88,under18,1993,1085606,Alabama
89,under18,1994,1097180,Alabama
90,under18,1992,1072873,Alabama
91,total,1992,4154014,Alabama
92,total,1991,4099156,Alabama
93,under18,1991,1060794,Alabama
94,under18,1990,1050041,Alabama
95,total,1990,4050055,Alabama
96,under18,1990,620933,Arkansas
97,total,1990,2356586,Arkansas
98,total,1991,2383144,Arkansas
99,under18,1991,626212,Arkansas
100,under18,1992,638269,Arkansas
101,total,1992,2415984,Arkansas
102,under18,1994,653842,Arkansas
103,total,1994,2494019,Arkansas
104,total,1993,2456303,Arkansas
105,under18,1993,643474,Arkansas
106,under18,1995,667671,Arkansas
107,total,1995,2535399,Arkansas
108,under18,1996,677912,Arkansas
109,total,1996,2572109,Arkansas
110,under18,1998,683637,Arkansas
111,total,1997,2601091,Arkansas
112,under18,1997,680203,Arkansas
113,total,1998,2626289,Arkansas
114,total,2000,2678588,Arkansas
115,under18,2000,680378,Arkansas
116,under18,1999,681940,Arkansas
117,total,1999,2651860,Arkansas
118,total,2002,2705927,Arkansas
119,under18,2002,678798,Arkansas
120,total,2001,2691571,Arkansas
121,under18,2001,679606,Arkansas
122,total,2004,2749686,Arkansas
123,under18,2004,683166,Arkansas
124,total,2003,2724816,Arkansas
125,under18,2003,679579,Arkansas
126,total,2006,2821761,Arkansas
127,under18,2006,697842,Arkansas
128,total,2005,2781097,Arkansas
129,under18,2005,689787,Arkansas
130,total,2008,2874554,Arkansas
131,under18,2008,705725,Arkansas
132,total,2007,2848650,Arkansas
133,under18,2007,702737,Arkansas
134,total,2009,2896843,Arkansas
135,under18,2009,707886,Arkansas
136,under18,2013,709866,Arkansas
137,total,2013,2959373,Arkansas
138,under18,2011,710576,Arkansas
139,total,2011,2938506,Arkansas
140,under18,2010,711947,Arkansas
141,total,2010,2922280,Arkansas
142,under18,2012,710471,Arkansas
143,total,2012,2949828,Arkansas
144,under18,2012,1617149,Arizona
145,total,2012,6551149,Arizona
146,under18,2011,1616353,Arizona
147,total,2011,6468796,Arizona
148,under18,2010,1628563,Arizona
149,total,2010,6408790,Arizona
150,under18,2013,1616814,Arizona
151,total,2013,6626624,Arizona
152,total,2009,6343154,Arizona
153,under18,2009,1627343,Arizona
154,total,2007,6167681,Arizona
155,under18,2007,1607895,Arizona
156,total,2008,6280362,Arizona
157,under18,2008,1628651,Arizona
158,total,2005,5839077,Arizona
159,under18,2005,1529168,Arizona
160,total,2006,6029141,Arizona
161,under18,2006,1574867,Arizona
162,total,2004,5652404,Arizona
163,under18,2004,1484454,Arizona
164,total,2003,5510364,Arizona
165,under18,2003,1453671,Arizona
166,total,2001,5273477,Arizona
167,under18,2001,1399015,Arizona
168,total,2002,5396255,Arizona
169,under18,2002,1427938,Arizona
170,under18,1999,1332396,Arizona
171,total,1999,5023823,Arizona
172,total,2000,5160586,Arizona
173,under18,2000,1373414,Arizona
174,total,1998,4883342,Arizona
175,under18,1998,1285794,Arizona
176,total,1997,4736990,Arizona
177,under18,1997,1237159,Arizona
178,under18,1996,1215285,Arizona
179,total,1996,4586940,Arizona
180,total,1995,4432499,Arizona
181,under18,1995,1173391,Arizona
182,total,1993,4065440,Arizona
183,under18,1993,1094233,Arizona
184,under18,1994,1119857,Arizona
185,total,1994,4245089,Arizona
186,under18,1992,1055572,Arizona
187,under18,1991,1028285,Arizona
188,total,1991,3788576,Arizona
189,total,1992,3915740,Arizona
190,under18,1990,1006040,Arizona
191,total,1990,3684097,Arizona
192,under18,2012,9209007,California
193,total,2012,37999878,California
194,under18,2011,9252336,California
195,total,2011,37668681,California
196,under18,2010,9284094,California
197,total,2010,37333601,California
198,under18,2013,9174877,California
199,total,2013,38332521,California
200,total,2009,36961229,California
201,under18,2009,9294501,California
202,total,2007,36250311,California
203,under18,2007,9335620,California
204,total,2008,36604337,California
205,under18,2008,9321621,California
206,total,2005,35827943,California
207,under18,2005,9405565,California
208,total,2006,36021202,California
209,under18,2006,9370884,California
210,total,2003,35253159,California
211,under18,2003,9404594,California
212,total,2004,35574576,California
213,under18,2004,9418497,California
214,total,2001,34479458,California
215,under18,2001,9325466,California
216,total,2002,34871843,California
217,under18,2002,9365142,California
218,under18,1999,9207878,California
219,total,1999,33499204,California
220,total,2000,33987977,California
221,under18,2000,9267089,California
222,under18,1998,9163238,California
223,total,1998,32987675,California
224,under18,1997,9135359,California
225,total,1997,32486010,California
226,under18,1996,9079519,California
227,total,1996,32018834,California
228,total,1995,31696582,California
229,under18,1995,8920578,California
230,total,1993,31274928,California
231,under18,1993,8624810,California
232,under18,1994,8790058,California
233,total,1994,31484435,California
234,total,1991,30470736,California
235,under18,1991,8245605,California
236,under18,1992,8439647,California
237,total,1992,30974659,California
238,under18,1990,7980501,California
239,total,1990,29959515,California
240,total,1990,3307618,Colorado
241,under18,1990,881640,Colorado
242,total,1992,3495939,Colorado
243,under18,1992,925577,Colorado
244,under18,1991,896537,Colorado
245,total,1991,3387119,Colorado
246,total,1994,3724168,Colorado
247,under18,1994,966412,Colorado
248,under18,1993,947806,Colorado
249,total,1993,3613734,Colorado
250,under18,1995,984310,Colorado
251,total,1995,3826653,Colorado
252,total,1996,3919972,Colorado
253,under18,1996,1003946,Colorado
254,under18,1997,1030557,Colorado
255,total,1997,4018293,Colorado
256,total,1998,4116639,Colorado
257,under18,1998,1060066,Colorado
258,total,2000,4326921,Colorado
259,under18,2000,1106676,Colorado
260,total,1999,4226018,Colorado
261,under18,1999,1083938,Colorado
262,total,2002,4490406,Colorado
263,under18,2002,1138273,Colorado
264,total,2001,4425687,Colorado
265,under18,2001,1126647,Colorado
266,total,2004,4575013,Colorado
267,under18,2004,1146369,Colorado
268,total,2003,4528732,Colorado
269,under18,2003,1144597,Colorado
270,total,2006,4720423,Colorado
271,under18,2006,1171832,Colorado
272,total,2005,4631888,Colorado
273,under18,2005,1156399,Colorado
274,total,2008,4889730,Colorado
275,under18,2008,1203289,Colorado
276,total,2007,4803868,Colorado
277,under18,2007,1189434,Colorado
278,total,2009,4972195,Colorado
279,under18,2009,1217213,Colorado
280,under18,2013,1237932,Colorado
281,total,2013,5268367,Colorado
282,under18,2010,1226619,Colorado
283,total,2010,5048196,Colorado
284,under18,2011,1230178,Colorado
285,total,2011,5118400,Colorado
286,under18,2012,1232864,Colorado
287,total,2012,5189458,Colorado
288,under18,2012,794959,Connecticut
289,total,2012,3591765,Connecticut
290,under18,2011,805109,Connecticut
291,total,2011,3588948,Connecticut
292,under18,2010,814187,Connecticut
293,total,2010,3579210,Connecticut
294,under18,2013,785566,Connecticut
295,total,2013,3596080,Connecticut
296,total,2009,3561807,Connecticut
297,under18,2009,820839,Connecticut
298,total,2007,3527270,Connecticut
299,under18,2007,833484,Connecticut
300,total,2008,3545579,Connecticut
301,under18,2008,826626,Connecticut
302,total,2005,3506956,Connecticut
303,under18,2005,844034,Connecticut
304,total,2006,3517460,Connecticut
305,under18,2006,839372,Connecticut
306,total,2003,3484336,Connecticut
307,under18,2003,851115,Connecticut
308,total,2004,3496094,Connecticut
309,under18,2004,848979,Connecticut
310,total,2001,3432835,Connecticut
311,under18,2001,845850,Connecticut
312,total,2002,3458749,Connecticut
313,under18,2002,848877,Connecticut
314,total,1999,3386401,Connecticut
315,under18,1999,834654,Connecticut
316,total,2000,3411777,Connecticut
317,under18,2000,842242,Connecticut
318,under18,1998,824600,Connecticut
319,total,1998,3365352,Connecticut
320,total,1997,3349348,Connecticut
321,under18,1997,814373,Connecticut
322,under18,1996,811855,Connecticut
323,total,1996,3336685,Connecticut
324,total,1995,3324144,Connecticut
325,under18,1995,808623,Connecticut
326,total,1993,3309175,Connecticut
327,under18,1993,790749,Connecticut
328,under18,1994,801231,Connecticut
329,total,1994,3316121,Connecticut
330,under18,1991,766304,Connecticut
331,total,1991,3302895,Connecticut
332,under18,1992,777264,Connecticut
333,total,1992,3300712,Connecticut
334,total,1990,3291967,Connecticut
335,under18,1990,752666,Connecticut
336,under18,2012,107642,District of Columbia
337,total,2012,633427,District of Columbia
338,under18,2011,103906,District of Columbia
339,total,2011,619624,District of Columbia
340,under18,2010,101309,District of Columbia
341,total,2010,605125,District of Columbia
342,under18,2013,111474,District of Columbia
343,total,2013,646449,District of Columbia
344,total,2009,592228,District of Columbia
345,under18,2009,102098,District of Columbia
346,total,2007,574404,District of Columbia
347,under18,2007,104126,District of Columbia
348,total,2008,580236,District of Columbia
349,under18,2008,102257,District of Columbia
350,total,2005,567136,District of Columbia
351,under18,2005,107187,District of Columbia
352,total,2006,570681,District of Columbia
353,under18,2006,105651,District of Columbia
354,total,2003,568502,District of Columbia
355,under18,2003,111403,District of Columbia
356,total,2004,567754,District of Columbia
357,under18,2004,109756,District of Columbia
358,total,2001,574504,District of Columbia
359,under18,2001,114625,District of Columbia
360,total,2002,573158,District of Columbia
361,under18,2002,113822,District of Columbia
362,total,1999,570220,District of Columbia
363,under18,1999,115003,District of Columbia
364,total,2000,572046,District of Columbia
365,under18,2000,114503,District of Columbia
366,under18,1998,113839,District of Columbia
367,total,1998,565232,District of Columbia
368,under18,1997,119531,District of Columbia
369,total,1997,567739,District of Columbia
370,under18,1996,121210,District of Columbia
371,total,1996,572379,District of Columbia
372,total,1995,580519,District of Columbia
373,under18,1995,123620,District of Columbia
374,total,1993,595302,District of Columbia
375,under18,1993,120471,District of Columbia
376,under18,1994,122170,District of Columbia
377,total,1994,589240,District of Columbia
378,total,1991,600870,District of Columbia
379,under18,1991,116825,District of Columbia
380,under18,1992,118636,District of Columbia
381,total,1992,597567,District of Columbia
382,under18,1990,112632,District of Columbia
383,total,1990,605321,District of Columbia
384,under18,1990,165628,Delaware
385,total,1990,669567,Delaware
386,under18,1992,174166,Delaware
387,total,1992,694927,Delaware
388,total,1991,683080,Delaware
389,under18,1991,169910,Delaware
390,total,1994,717545,Delaware
391,under18,1994,180833,Delaware
392,total,1993,706378,Delaware
393,under18,1993,176916,Delaware
394,under18,1995,181736,Delaware
395,total,1995,729735,Delaware
396,total,1996,740978,Delaware
397,under18,1996,184021,Delaware
398,under18,1997,186607,Delaware
399,total,1997,751487,Delaware
400,total,1998,763335,Delaware
401,under18,1998,189302,Delaware
402,total,2000,786373,Delaware
403,under18,2000,194914,Delaware
404,total,1999,774990,Delaware
405,under18,1999,192510,Delaware
406,total,2002,806169,Delaware
407,under18,2002,196946,Delaware
408,total,2001,795699,Delaware
409,under18,2001,196038,Delaware
410,total,2004,830803,Delaware
411,under18,2004,199631,Delaware
412,total,2003,818003,Delaware
413,under18,2003,198045,Delaware
414,total,2006,859268,Delaware
415,under18,2006,203729,Delaware
416,total,2005,845150,Delaware
417,under18,2005,201988,Delaware
418,total,2008,883874,Delaware
419,under18,2008,206116,Delaware
420,total,2007,871749,Delaware
421,under18,2007,205155,Delaware
422,under18,2013,203558,Delaware
423,total,2013,925749,Delaware
424,total,2009,891730,Delaware
425,under18,2009,206213,Delaware
426,under18,2010,205478,Delaware
427,total,2010,899711,Delaware
428,under18,2011,204801,Delaware
429,total,2011,907985,Delaware
430,under18,2012,204586,Delaware
431,total,2012,917053,Delaware
432,total,1990,13033307,Florida
433,under18,1990,2988807,Florida
434,under18,1991,3045638,Florida
435,total,1991,13369798,Florida
436,total,1994,14239444,Florida
437,under18,1994,3299887,Florida
438,under18,1993,3214066,Florida
439,total,1993,13927185,Florida
440,total,1992,13650553,Florida
441,under18,1992,3120439,Florida
442,under18,1995,3366468,Florida
443,total,1995,14537875,Florida
444,total,1996,14853360,Florida
445,under18,1996,3431695,Florida
446,under18,1998,3557561,Florida
447,under18,1997,3502269,Florida
448,total,1997,15186304,Florida
449,total,1998,15486559,Florida
450,total,1999,15759421,Florida
451,under18,1999,3611711,Florida
452,total,2000,16047515,Florida
453,under18,2000,3654880,Florida
454,total,2001,16356966,Florida
455,under18,2001,3714439,Florida
456,total,2002,16689370,Florida
457,under18,2002,3774624,Florida
458,total,2003,17004085,Florida
459,under18,2003,3820876,Florida
460,total,2004,17415318,Florida
461,under18,2004,3890734,Florida
462,total,2005,17842038,Florida
463,under18,2005,3968178,Florida
464,total,2006,18166990,Florida
465,under18,2006,4022912,Florida
466,total,2007,18367842,Florida
467,under18,2007,4031098,Florida
468,total,2008,18527305,Florida
469,under18,2008,4018372,Florida
470,total,2009,18652644,Florida
471,under18,2009,3997283,Florida
472,under18,2013,4026674,Florida
473,total,2013,19552860,Florida
474,under18,2010,3999532,Florida
475,total,2010,18846054,Florida
476,under18,2011,4002550,Florida
477,total,2011,19083482,Florida
478,under18,2012,4012421,Florida
479,total,2012,19320749,Florida
480,total,2012,9915646,Georgia
481,under18,2012,2487831,Georgia
482,under18,2011,2488898,Georgia
483,total,2011,9810181,Georgia
484,under18,2010,2490884,Georgia
485,total,2010,9713248,Georgia
486,total,2013,9992167,Georgia
487,total,2009,9620846,Georgia
488,under18,2009,2485781,Georgia
489,under18,2013,2489709,Georgia
490,total,2007,9349988,Georgia
491,under18,2007,2456249,Georgia
492,total,2008,9504843,Georgia
493,under18,2008,2479097,Georgia
494,total,2005,8925922,Georgia
495,under18,2005,2353604,Georgia
496,total,2006,9155813,Georgia
497,under18,2006,2406014,Georgia
498,total,2003,8622793,Georgia
499,under18,2003,2278710,Georgia
500,total,2004,8769252,Georgia
501,under18,2004,2308855,Georgia
502,total,2001,8377038,Georgia
503,under18,2001,2215390,Georgia
504,total,2002,8508256,Georgia
505,under18,2002,2249784,Georgia
506,total,1999,8045965,Georgia
507,under18,1999,2130698,Georgia
508,total,2000,8227303,Georgia
509,under18,2000,2176576,Georgia
510,total,1997,7685099,Georgia
511,under18,1997,2034163,Georgia
512,under18,1998,2078998,Georgia
513,total,1998,7863536,Georgia
514,under18,1996,1993171,Georgia
515,total,1996,7501069,Georgia
516,total,1995,7328413,Georgia
517,under18,1995,1949818,Georgia
518,under18,1992,1817781,Georgia
519,total,1992,6817203,Georgia
520,total,1993,6978240,Georgia
521,under18,1993,1865021,Georgia
522,under18,1994,1906539,Georgia
523,total,1994,7157165,Georgia
524,total,1991,6653005,Georgia
525,under18,1991,1773675,Georgia
526,under18,1990,1747363,Georgia
527,total,1990,6512602,Georgia
528,under18,1990,279983,Hawaii
529,total,1990,1113491,Hawaii
530,total,1991,1136754,Hawaii
531,under18,1991,287871,Hawaii
532,under18,1994,307517,Hawaii
533,total,1994,1187536,Hawaii
534,total,1993,1172838,Hawaii
535,under18,1993,301473,Hawaii
536,under18,1992,295124,Hawaii
537,total,1992,1158613,Hawaii
538,total,1995,1196854,Hawaii
539,under18,1995,310325,Hawaii
540,under18,1996,311213,Hawaii
541,total,1996,1203755,Hawaii
542,under18,1998,304576,Hawaii
543,total,1998,1215233,Hawaii
544,total,1997,1211640,Hawaii
545,under18,1997,309465,Hawaii
546,total,2000,1213519,Hawaii
547,under18,2000,295352,Hawaii
548,total,1999,1210300,Hawaii
549,under18,1999,299680,Hawaii
550,total,2002,1239613,Hawaii
551,under18,2002,293600,Hawaii
552,total,2001,1225948,Hawaii
553,under18,2001,294133,Hawaii
554,total,2004,1273569,Hawaii
555,under18,2004,298103,Hawaii
556,total,2003,1251154,Hawaii
557,under18,2003,294519,Hawaii
558,total,2006,1309731,Hawaii
559,under18,2006,299313,Hawaii
560,total,2005,1292729,Hawaii
561,under18,2005,298497,Hawaii
562,total,2008,1332213,Hawaii
563,under18,2008,301094,Hawaii
564,total,2007,1315675,Hawaii
565,under18,2007,300207,Hawaii
566,under18,2013,307266,Hawaii
567,total,2009,1346717,Hawaii
568,under18,2009,302796,Hawaii
569,total,2013,1404054,Hawaii
570,total,2010,1363731,Hawaii
571,under18,2010,303812,Hawaii
572,total,2011,1376897,Hawaii
573,under18,2011,305396,Hawaii
574,under18,2012,305981,Hawaii
575,total,2012,1390090,Hawaii
576,under18,1990,719366,Iowa
577,total,1990,2781018,Iowa
578,total,1991,2797613,Iowa
579,under18,1991,724446,Iowa
580,under18,1994,728397,Iowa
581,total,1994,2850746,Iowa
582,total,1993,2836972,Iowa
583,under18,1993,727751,Iowa
584,under18,1992,724798,Iowa
585,total,1992,2818401,Iowa
586,total,1995,2867373,Iowa
587,under18,1995,726961,Iowa
588,under18,1996,729177,Iowa
589,total,1996,2880001,Iowa
590,under18,1998,729943,Iowa
591,total,1998,2902872,Iowa
592,total,1997,2891119,Iowa
593,under18,1997,729806,Iowa
594,total,2000,2929067,Iowa
595,under18,2000,733337,Iowa
596,total,1999,2917634,Iowa
597,under18,1999,732671,Iowa
598,total,2002,2934234,Iowa
599,under18,2002,723685,Iowa
600,total,2001,2931997,Iowa
601,under18,2001,728601,Iowa
602,total,2004,2953635,Iowa
603,under18,2004,718708,Iowa
604,total,2003,2941999,Iowa
605,under18,2003,720102,Iowa
606,total,2006,2982644,Iowa
607,under18,2006,721703,Iowa
608,total,2005,2964454,Iowa
609,under18,2005,718488,Iowa
610,total,2008,3016734,Iowa
611,under18,2008,725658,Iowa
612,total,2007,2999212,Iowa
613,under18,2007,723632,Iowa
614,under18,2013,724032,Iowa
615,total,2009,3032870,Iowa
616,under18,2009,726969,Iowa
617,total,2013,3090416,Iowa
618,total,2010,3050314,Iowa
619,under18,2010,727717,Iowa
620,total,2011,3064102,Iowa
621,under18,2011,725522,Iowa
622,under18,2012,723917,Iowa
623,total,2012,3075039,Iowa
624,total,2012,1595590,Idaho
625,under18,2012,427177,Idaho
626,under18,2011,428535,Idaho
627,total,2011,1583930,Idaho
628,under18,2010,428961,Idaho
629,total,2010,1570718,Idaho
630,total,2013,1612136,Idaho
631,total,2009,1554439,Idaho
632,under18,2009,426076,Idaho
633,under18,2013,427781,Idaho
634,total,2007,1505105,Idaho
635,under18,2007,415024,Idaho
636,total,2008,1534320,Idaho
637,under18,2008,422347,Idaho
638,total,2005,1428241,Idaho
639,under18,2005,394651,Idaho
640,total,2006,1468669,Idaho
641,under18,2006,404753,Idaho
642,total,2003,1363380,Idaho
643,under18,2003,379241,Idaho
644,total,2004,1391802,Idaho
645,under18,2004,384692,Idaho
646,total,2001,1319962,Idaho
647,under18,2001,373145,Idaho
648,total,2002,1340372,Idaho
649,under18,2002,375986,Idaho
650,total,1999,1275674,Idaho
651,under18,1999,366689,Idaho
652,total,2000,1299430,Idaho
653,under18,2000,370430,Idaho
654,total,1997,1228520,Idaho
655,under18,1997,357779,Idaho
656,under18,1998,362189,Idaho
657,total,1998,1252330,Idaho
658,under18,1996,353824,Idaho
659,total,1996,1203083,Idaho
660,total,1995,1177322,Idaho
661,under18,1995,349248,Idaho
662,under18,1992,324972,Idaho
663,total,1992,1071685,Idaho
664,total,1993,1108768,Idaho
665,under18,1993,333838,Idaho
666,under18,1994,344242,Idaho
667,total,1994,1145140,Idaho
668,total,1991,1041316,Idaho
669,under18,1991,316732,Idaho
670,under18,1990,313373,Idaho
671,total,1990,1012384,Idaho
672,under18,1990,2940837,Illinois
673,total,1990,11453316,Illinois
674,total,1991,11568964,Illinois
675,under18,1991,2988715,Illinois
676,under18,1994,3110938,Illinois
677,total,1994,11912585,Illinois
678,total,1993,11809579,Illinois
679,under18,1993,3066541,Illinois
680,under18,1992,3033427,Illinois
681,total,1992,11694184,Illinois
682,total,1995,12008437,Illinois
683,under18,1995,3152984,Illinois
684,under18,1996,3192916,Illinois
685,total,1996,12101997,Illinois
686,under18,1998,3225252,Illinois
687,total,1998,12271847,Illinois
688,total,1997,12185715,Illinois
689,under18,1997,3222114,Illinois
690,total,2000,12434161,Illinois
691,under18,2000,3244944,Illinois
692,total,1999,12359020,Illinois
693,under18,1999,3240034,Illinois
694,total,2002,12525556,Illinois
695,under18,2002,3238362,Illinois
696,total,2001,12488445,Illinois
697,under18,2001,3243617,Illinois
698,total,2004,12589773,Illinois
699,under18,2004,3211599,Illinois
700,total,2003,12556006,Illinois
701,under18,2003,3225547,Illinois
702,total,2006,12643955,Illinois
703,under18,2006,3181246,Illinois
704,total,2005,12609903,Illinois
705,under18,2005,3197318,Illinois
706,total,2008,12747038,Illinois
707,under18,2008,3153401,Illinois
708,total,2007,12695866,Illinois
709,under18,2007,3170134,Illinois
710,under18,2013,3023307,Illinois
711,total,2009,12796778,Illinois
712,under18,2009,3138406,Illinois
713,total,2013,12882135,Illinois
714,total,2010,12839695,Illinois
715,under18,2010,3122092,Illinois
716,total,2011,12855970,Illinois
717,under18,2011,3089833,Illinois
718,under18,2012,3057042,Illinois
719,total,2012,12868192,Illinois
720,total,2012,6537782,Indiana
721,under18,2012,1589655,Indiana
722,under18,2011,1598091,Indiana
723,total,2011,6516336,Indiana
724,under18,2010,1605883,Indiana
725,total,2010,6489965,Indiana
726,total,2013,6570902,Indiana
727,total,2009,6459325,Indiana
728,under18,2009,1609704,Indiana
729,under18,2013,1586027,Indiana
730,total,2007,6379599,Indiana
731,under18,2007,1609494,Indiana
732,total,2008,6424806,Indiana
733,under18,2008,1611494,Indiana
734,total,2005,6278616,Indiana
735,under18,2005,1593898,Indiana
736,total,2006,6332669,Indiana
737,under18,2006,1603107,Indiana
738,total,2003,6196638,Indiana
739,under18,2003,1582560,Indiana
740,total,2004,6233007,Indiana
741,under18,2004,1586281,Indiana
742,total,2001,6127760,Indiana
743,under18,2001,1579527,Indiana
744,total,2002,6155967,Indiana
745,under18,2002,1580814,Indiana
746,total,1999,6044970,Indiana
747,under18,1999,1566079,Indiana
748,total,2000,6091866,Indiana
749,under18,2000,1574989,Indiana
750,total,1997,5955267,Indiana
751,under18,1997,1539270,Indiana
752,under18,1998,1551960,Indiana
753,total,1998,5998881,Indiana
754,under18,1996,1517961,Indiana
755,total,1996,5906013,Indiana
756,total,1995,5851459,Indiana
757,under18,1995,1507916,Indiana
758,under18,1992,1461650,Indiana
759,total,1992,5674547,Indiana
760,total,1993,5739019,Indiana
761,under18,1993,1473007,Indiana
762,under18,1994,1491802,Indiana
763,total,1994,5793526,Indiana
764,total,1991,5616388,Indiana
765,under18,1991,1450759,Indiana
766,under18,1990,1437209,Indiana
767,total,1990,5557798,Indiana
768,total,2012,2885398,Kansas
769,under18,2012,726668,Kansas
770,under18,2011,726787,Kansas
771,total,2011,2869548,Kansas
772,under18,2010,727729,Kansas
773,total,2010,2858910,Kansas
774,total,2013,2893957,Kansas
775,total,2009,2832704,Kansas
776,under18,2009,721841,Kansas
777,under18,2013,724092,Kansas
778,total,2007,2783785,Kansas
779,under18,2007,711005,Kansas
780,total,2008,2808076,Kansas
781,under18,2008,714689,Kansas
782,total,2005,2745299,Kansas
783,under18,2005,704689,Kansas
784,total,2006,2762931,Kansas
785,under18,2006,705277,Kansas
786,total,2003,2723004,Kansas
787,under18,2003,707847,Kansas
788,total,2004,2734373,Kansas
789,under18,2004,705456,Kansas
790,total,2001,2702162,Kansas
791,under18,2001,710923,Kansas
792,total,2002,2713535,Kansas
793,under18,2002,709416,Kansas
794,total,1999,2678338,Kansas
795,under18,1999,713022,Kansas
796,total,2000,2693681,Kansas
797,under18,2000,713887,Kansas
798,total,1997,2635292,Kansas
799,under18,1997,704001,Kansas
800,under18,1998,710402,Kansas
801,total,1998,2660598,Kansas
802,under18,1996,696298,Kansas
803,total,1996,2614554,Kansas
804,total,1995,2601008,Kansas
805,under18,1995,694124,Kansas
806,under18,1992,680871,Kansas
807,total,1992,2532395,Kansas
808,total,1993,2556547,Kansas
809,under18,1993,687262,Kansas
810,under18,1994,693673,Kansas
811,total,1994,2580513,Kansas
812,total,1991,2498722,Kansas
813,under18,1991,672033,Kansas
814,under18,1990,662641,Kansas
815,total,1990,2481349,Kansas
816,under18,1990,945951,Kentucky
817,total,1990,3694048,Kentucky
818,total,1991,3722328,Kentucky
819,under18,1991,951512,Kentucky
820,under18,1994,981439,Kentucky
821,total,1994,3849088,Kentucky
822,total,1993,3812206,Kentucky
823,under18,1993,971134,Kentucky
824,under18,1992,963861,Kentucky
825,total,1992,3765469,Kentucky
826,total,1995,3887427,Kentucky
827,under18,1995,984486,Kentucky
828,under18,1996,987062,Kentucky
829,total,1996,3919536,Kentucky
830,under18,1998,997296,Kentucky
831,total,1998,3985391,Kentucky
832,total,1997,3952747,Kentucky
833,under18,1997,1002609,Kentucky
834,total,2000,4049021,Kentucky
835,under18,2000,994984,Kentucky
836,total,1999,4018053,Kentucky
837,under18,1999,996382,Kentucky
838,total,2002,4089875,Kentucky
839,under18,2002,995251,Kentucky
840,total,2001,4068132,Kentucky
841,under18,2001,994105,Kentucky
842,total,2004,4146101,Kentucky
843,under18,2004,998459,Kentucky
844,total,2003,4117170,Kentucky
845,under18,2003,998485,Kentucky
846,total,2006,4219239,Kentucky
847,under18,2006,1011295,Kentucky
848,total,2005,4182742,Kentucky
849,under18,2005,1004020,Kentucky
850,total,2008,4289878,Kentucky
851,under18,2008,1022001,Kentucky
852,total,2007,4256672,Kentucky
853,under18,2007,1016288,Kentucky
854,under18,2013,1014004,Kentucky
855,total,2009,4317074,Kentucky
856,under18,2009,1021710,Kentucky
857,total,2013,4395295,Kentucky
858,total,2010,4347698,Kentucky
859,under18,2010,1023679,Kentucky
860,total,2011,4366869,Kentucky
861,under18,2011,1021926,Kentucky
862,under18,2012,1017350,Kentucky
863,total,2012,4379730,Kentucky
864,total,2012,4602134,Louisiana
865,under18,2012,1114620,Louisiana
866,under18,2011,1116579,Louisiana
867,total,2011,4575197,Louisiana
868,under18,2010,1118576,Louisiana
869,total,2010,4545392,Louisiana
870,total,2013,4625470,Louisiana
871,total,2009,4491648,Louisiana
872,under18,2009,1114228,Louisiana
873,under18,2013,1112957,Louisiana
874,total,2007,4375581,Louisiana
875,under18,2007,1096642,Louisiana
876,total,2008,4435586,Louisiana
877,under18,2008,1108728,Louisiana
878,total,2005,4576628,Louisiana
879,under18,2005,1177954,Louisiana
880,total,2006,4302665,Louisiana
881,under18,2006,1078779,Louisiana
882,total,2003,4521042,Louisiana
883,under18,2003,1188070,Louisiana
884,total,2004,4552238,Louisiana
885,under18,2004,1182731,Louisiana
886,total,2001,4477875,Louisiana
887,under18,2001,1204187,Louisiana
888,total,2002,4497267,Louisiana
889,under18,2002,1194819,Louisiana
890,total,2000,4471885,Louisiana
891,under18,2000,1217670,Louisiana
892,total,1999,4460811,Louisiana
893,under18,1999,1227167,Louisiana
894,total,1997,4421072,Louisiana
895,under18,1997,1239665,Louisiana
896,under18,1998,1232984,Louisiana
897,total,1998,4440344,Louisiana
898,under18,1996,1244627,Louisiana
899,total,1996,4398877,Louisiana
900,total,1995,4378779,Louisiana
901,under18,1995,1250112,Louisiana
902,under18,1992,1237034,Louisiana
903,total,1992,4293003,Louisiana
904,total,1993,4316428,Louisiana
905,under18,1993,1239161,Louisiana
906,under18,1994,1247631,Louisiana
907,total,1994,4347481,Louisiana
908,total,1991,4253279,Louisiana
909,under18,1991,1222330,Louisiana
910,under18,1990,1205984,Louisiana
911,total,1990,4221532,Louisiana
912,under18,1990,1353806,Massachusetts
913,total,1990,6022639,Massachusetts
914,total,1991,6018470,Massachusetts
915,under18,1991,1375110,Massachusetts
916,under18,1994,1437069,Massachusetts
917,total,1994,6095241,Massachusetts
918,total,1993,6060569,Massachusetts
919,under18,1993,1415724,Massachusetts
920,under18,1992,1390188,Massachusetts
921,total,1992,6028709,Massachusetts
922,total,1995,6141445,Massachusetts
923,under18,1995,1453489,Massachusetts
924,under18,1996,1468614,Massachusetts
925,total,1996,6179756,Massachusetts
926,under18,1998,1491652,Massachusetts
927,total,1998,6271838,Massachusetts
928,total,1997,6226058,Massachusetts
929,under18,1997,1478203,Massachusetts
930,total,1999,6317345,Massachusetts
931,under18,1999,1495818,Massachusetts
932,total,2000,6361104,Massachusetts
933,under18,2000,1501334,Massachusetts
934,total,2001,6397634,Massachusetts
935,under18,2001,1505028,Massachusetts
936,total,2002,6417206,Massachusetts
937,under18,2002,1502652,Massachusetts
938,total,2004,6412281,Massachusetts
939,under18,2004,1479541,Massachusetts
940,total,2003,6422565,Massachusetts
941,under18,2003,1493372,Massachusetts
942,total,2006,6410084,Massachusetts
943,under18,2006,1450202,Massachusetts
944,total,2005,6403290,Massachusetts
945,under18,2005,1464140,Massachusetts
946,total,2008,6468967,Massachusetts
947,under18,2008,1429727,Massachusetts
948,total,2007,6431559,Massachusetts
949,under18,2007,1439757,Massachusetts
950,under18,2013,1393946,Massachusetts
951,total,2009,6517613,Massachusetts
952,under18,2009,1422935,Massachusetts
953,total,2013,6692824,Massachusetts
954,total,2010,6563263,Massachusetts
955,under18,2010,1415962,Massachusetts
956,total,2011,6606285,Massachusetts
957,under18,2011,1407240,Massachusetts
958,under18,2012,1399417,Massachusetts
959,total,2012,6645303,Massachusetts
960,total,2012,5884868,Maryland
961,under18,2012,1346235,Maryland
962,under18,2011,1348766,Maryland
963,total,2011,5840241,Maryland
964,under18,2010,1351983,Maryland
965,total,2010,5787193,Maryland
966,total,2013,5928814,Maryland
967,total,2009,5730388,Maryland
968,under18,2009,1353631,Maryland
969,under18,2013,1344522,Maryland
970,total,2007,5653408,Maryland
971,under18,2007,1369563,Maryland
972,total,2008,5684965,Maryland
973,under18,2008,1359214,Maryland
974,total,2005,5592379,Maryland
975,under18,2005,1382966,Maryland
976,total,2006,5627367,Maryland
977,under18,2006,1377756,Maryland
978,total,2003,5496269,Maryland
979,under18,2003,1379641,Maryland
980,total,2004,5546935,Maryland
981,under18,2004,1383450,Maryland
982,total,2001,5374691,Maryland
983,under18,2001,1366552,Maryland
984,total,2002,5440389,Maryland
985,under18,2002,1375354,Maryland
986,total,2000,5311034,Maryland
987,under18,2000,1356961,Maryland
988,total,1999,5254509,Maryland
989,under18,1999,1348659,Maryland
990,total,1997,5157328,Maryland
991,under18,1997,1321306,Maryland
992,under18,1998,1338727,Maryland
993,total,1998,5204464,Maryland
994,under18,1996,1303816,Maryland
995,total,1996,5111986,Maryland
996,total,1995,5070033,Maryland
997,under18,1995,1300695,Maryland
998,under18,1992,1235498,Maryland
999,total,1992,4923369,Maryland
1000,total,1993,4971889,Maryland
1001,under18,1993,1261738,Maryland
1002,under18,1994,1280772,Maryland
1003,total,1994,5023060,Maryland
1004,total,1991,4867641,Maryland
1005,under18,1991,1208898,Maryland
1006,under18,1990,1180426,Maryland
1007,total,1990,4799770,Maryland
1008,under18,1990,308066,Maine
1009,total,1990,1231719,Maine
1010,total,1991,1237081,Maine
1011,under18,1991,309871,Maine
1012,under18,1994,311570,Maine
1013,total,1994,1242662,Maine
1014,total,1993,1242302,Maine
1015,under18,1993,310966,Maine
1016,under18,1992,310679,Maine
1017,total,1992,1238508,Maine
1018,total,1995,1243481,Maine
1019,under18,1995,309173,Maine
1020,under18,1996,307740,Maine
1021,total,1996,1249060,Maine
1022,under18,1998,304496,Maine
1023,total,1998,1259127,Maine
1024,total,1997,1254774,Maine
1025,under18,1997,305097,Maine
1026,total,1999,1266808,Maine
1027,under18,1999,302321,Maine
1028,total,2000,1277072,Maine
1029,under18,2000,301407,Maine
1030,total,2002,1295960,Maine
1031,under18,2002,298595,Maine
1032,total,2001,1285692,Maine
1033,under18,2001,300088,Maine
1034,total,2004,1313688,Maine
1035,under18,2004,294791,Maine
1036,total,2003,1306513,Maine
1037,under18,2003,296786,Maine
1038,total,2006,1323619,Maine
1039,under18,2006,288945,Maine
1040,total,2005,1318787,Maine
1041,under18,2005,292039,Maine
1042,total,2008,1330509,Maine
1043,under18,2008,282204,Maine
1044,total,2007,1327040,Maine
1045,under18,2007,286185,Maine
1046,under18,2013,261276,Maine
1047,total,2009,1329590,Maine
1048,under18,2009,277946,Maine
1049,total,2013,1328302,Maine
1050,total,2010,1327366,Maine
1051,under18,2010,273061,Maine
1052,total,2011,1327844,Maine
1053,under18,2011,268737,Maine
1054,under18,2012,264846,Maine
1055,total,2012,1328501,Maine
1056,total,2012,9882519,Michigan
1057,under18,2012,2269365,Michigan
1058,under18,2011,2299116,Michigan
1059,total,2011,9874589,Michigan
1060,under18,2010,2333121,Michigan
1061,total,2010,9876149,Michigan
1062,total,2013,9895622,Michigan
1063,total,2009,9901591,Michigan
1064,under18,2009,2372603,Michigan
1065,under18,2013,2245201,Michigan
1066,total,2007,10001284,Michigan
1067,under18,2007,2470063,Michigan
1068,total,2008,9946889,Michigan
1069,under18,2008,2418879,Michigan
1070,total,2005,10051137,Michigan
1071,under18,2005,2531839,Michigan
1072,total,2006,10036081,Michigan
1073,under18,2006,2503548,Michigan
1074,total,2003,10041152,Michigan
1075,under18,2003,2569080,Michigan
1076,total,2004,10055315,Michigan
1077,under18,2004,2553314,Michigan
1078,total,2002,10015710,Michigan
1079,under18,2002,2584310,Michigan
1080,total,2001,9991120,Michigan
1081,under18,2001,2593310,Michigan
1082,total,2000,9952450,Michigan
1083,under18,2000,2596114,Michigan
1084,total,1999,9897116,Michigan
1085,under18,1999,2591944,Michigan
1086,total,1997,9809051,Michigan
1087,under18,1997,2582270,Michigan
1088,under18,1998,2586343,Michigan
1089,total,1998,9847942,Michigan
1090,under18,1996,2569745,Michigan
1091,total,1996,9758645,Michigan
1092,total,1995,9676211,Michigan
1093,under18,1995,2556799,Michigan
1094,under18,1992,2501765,Michigan
1095,total,1992,9479065,Michigan
1096,total,1993,9540114,Michigan
1097,under18,1993,2522249,Michigan
1098,under18,1994,2535196,Michigan
1099,total,1994,9597737,Michigan
1100,total,1991,9400446,Michigan
1101,under18,1991,2484957,Michigan
1102,under18,1990,2459633,Michigan
1103,total,1990,9311319,Michigan
1104,under18,1990,1176680,Minnesota
1105,total,1990,4389857,Minnesota
1106,total,1991,4440859,Minnesota
1107,under18,1991,1191207,Minnesota
1108,under18,1994,1238949,Minnesota
1109,total,1994,4610355,Minnesota
1110,total,1993,4555956,Minnesota
1111,under18,1993,1226723,Minnesota
1112,under18,1992,1213068,Minnesota
1113,total,1992,4495572,Minnesota
1114,total,1995,4660180,Minnesota
1115,under18,1995,1245932,Minnesota
1116,under18,1996,1252722,Minnesota
1117,total,1996,4712827,Minnesota
1118,under18,1998,1275940,Minnesota
1119,total,1998,4813412,Minnesota
1120,total,1997,4763390,Minnesota
1121,under18,1997,1264250,Minnesota
1122,total,1999,4873481,Minnesota
1123,under18,1999,1283102,Minnesota
1124,total,2000,4933692,Minnesota
1125,under18,2000,1289715,Minnesota
1126,total,2001,4982796,Minnesota
1127,under18,2001,1291261,Minnesota
1128,total,2002,5018935,Minnesota
1129,under18,2002,1288795,Minnesota
1130,total,2004,5087713,Minnesota
1131,under18,2004,1281946,Minnesota
1132,total,2003,5053572,Minnesota
1133,under18,2003,1283687,Minnesota
1134,total,2006,5163555,Minnesota
1135,under18,2006,1282381,Minnesota
1136,total,2005,5119598,Minnesota
1137,under18,2005,1280557,Minnesota
1138,total,2008,5247018,Minnesota
1139,under18,2008,1284179,Minnesota
1140,total,2007,5207203,Minnesota
1141,under18,2007,1285074,Minnesota
1142,under18,2013,1279111,Minnesota
1143,total,2009,5281203,Minnesota
1144,under18,2009,1284103,Minnesota
1145,total,2013,5420380,Minnesota
1146,total,2010,5310337,Minnesota
1147,under18,2010,1282693,Minnesota
1148,total,2011,5347108,Minnesota
1149,under18,2011,1280424,Minnesota
1150,under18,2012,1278050,Minnesota
1151,total,2012,5379646,Minnesota
1152,under18,1990,1316423,Missouri
1153,total,1990,5128880,Missouri
1154,total,1991,5170800,Missouri
1155,under18,1991,1332306,Missouri
1156,under18,1994,1378700,Missouri
1157,total,1994,5324497,Missouri
1158,total,1993,5271175,Missouri
1159,under18,1993,1365903,Missouri
1160,under18,1992,1349729,Missouri
1161,total,1992,5217101,Missouri
1162,under18,1996,1408732,Missouri
1163,total,1996,5431553,Missouri
1164,total,1995,5378247,Missouri
1165,under18,1995,1393554,Missouri
1166,under18,1998,1428999,Missouri
1167,total,1998,5521765,Missouri
1168,total,1997,5481193,Missouri
1169,under18,1997,1419837,Missouri
1170,total,1999,5561948,Missouri
1171,under18,1999,1428047,Missouri
1172,total,2000,5607285,Missouri
1173,under18,2000,1428383,Missouri
1174,total,2001,5641142,Missouri
1175,under18,2001,1426575,Missouri
1176,total,2002,5674825,Missouri
1177,under18,2002,1424513,Missouri
1178,total,2004,5747741,Missouri
1179,under18,2004,1420956,Missouri
1180,total,2003,5709403,Missouri
1181,under18,2003,1421927,Missouri
1182,total,2006,5842704,Missouri
1183,under18,2006,1428324,Missouri
1184,total,2005,5790300,Missouri
1185,under18,2005,1422978,Missouri
1186,total,2008,5923916,Missouri
1187,under18,2008,1428945,Missouri
1188,total,2007,5887612,Missouri
1189,under18,2007,1431346,Missouri
1190,under18,2013,1397685,Missouri
1191,total,2009,5961088,Missouri
1192,under18,2009,1426603,Missouri
1193,total,2013,6044171,Missouri
1194,total,2010,5996063,Missouri
1195,under18,2010,1424042,Missouri
1196,total,2011,6010065,Missouri
1197,under18,2011,1414444,Missouri
1198,under18,2012,1405015,Missouri
1199,total,2012,6024522,Missouri
1200,total,2012,2986450,Mississippi
1201,under18,2012,742941,Mississippi
1202,under18,2011,747742,Mississippi
1203,total,2011,2977886,Mississippi
1204,under18,2010,754111,Mississippi
1205,total,2010,2970047,Mississippi
1206,total,2013,2991207,Mississippi
1207,total,2009,2958774,Mississippi
1208,under18,2009,758539,Mississippi
1209,under18,2013,737432,Mississippi
1210,total,2007,2928350,Mississippi
1211,under18,2007,761171,Mississippi
1212,total,2008,2947806,Mississippi
1213,under18,2008,760572,Mississippi
1214,total,2005,2905943,Mississippi
1215,under18,2005,760870,Mississippi
1216,total,2006,2904978,Mississippi
1217,under18,2006,756990,Mississippi
1218,total,2003,2868312,Mississippi
1219,under18,2003,759447,Mississippi
1220,total,2004,2889010,Mississippi
1221,under18,2004,760410,Mississippi
1222,total,2002,2858681,Mississippi
1223,under18,2002,763148,Mississippi
1224,total,2001,2852994,Mississippi
1225,under18,2001,768418,Mississippi
1226,total,2000,2848353,Mississippi
1227,under18,2000,774353,Mississippi
1228,total,1999,2828408,Mississippi
1229,under18,1999,775662,Mississippi
1230,total,1997,2777004,Mississippi
1231,under18,1997,774832,Mississippi
1232,under18,1998,773721,Mississippi
1233,total,1998,2804834,Mississippi
1234,under18,1996,769680,Mississippi
1235,total,1996,2748085,Mississippi
1236,total,1995,2722659,Mississippi
1237,under18,1995,767892,Mississippi
1238,under18,1992,750224,Mississippi
1239,total,1992,2623734,Mississippi
1240,total,1993,2655100,Mississippi
1241,under18,1993,755820,Mississippi
1242,under18,1994,763795,Mississippi
1243,total,1994,2688992,Mississippi
1244,total,1991,2598733,Mississippi
1245,under18,1991,738911,Mississippi
1246,under18,1990,733660,Mississippi
1247,total,1990,2578897,Mississippi
1248,total,2012,1005494,Montana
1249,under18,2012,222905,Montana
1250,under18,2011,222977,Montana
1251,total,2011,997600,Montana
1252,under18,2010,223292,Montana
1253,total,2010,990527,Montana
1254,total,2013,1015165,Montana
1255,total,2009,983982,Montana
1256,under18,2009,223675,Montana
1257,under18,2013,223981,Montana
1258,total,2007,964706,Montana
1259,under18,2007,223135,Montana
1260,total,2008,976415,Montana
1261,under18,2008,223814,Montana
1262,total,2005,940102,Montana
1263,under18,2005,221685,Montana
1264,total,2006,952692,Montana
1265,under18,2006,221930,Montana
1266,total,2003,919630,Montana
1267,under18,2003,223012,Montana
1268,total,2004,930009,Montana
1269,under18,2004,221999,Montana
1270,total,2002,911667,Montana
1271,under18,2002,224772,Montana
1272,total,2001,906961,Montana
1273,under18,2001,227118,Montana
1274,total,1999,897508,Montana
1275,under18,1999,231133,Montana
1276,total,2000,903773,Montana
1277,under18,2000,230067,Montana
1278,total,1997,889865,Montana
1279,under18,1997,232813,Montana
1280,under18,1998,231746,Montana
1281,total,1998,892431,Montana
1282,total,1995,876553,Montana
1283,under18,1995,236583,Montana
1284,under18,1996,235294,Montana
1285,total,1996,886254,Montana
1286,under18,1992,230868,Montana
1287,total,1992,825770,Montana
1288,total,1993,844761,Montana
1289,under18,1993,234987,Montana
1290,under18,1994,237289,Montana
1291,total,1994,861306,Montana
1292,total,1991,809680,Montana
1293,under18,1991,225259,Montana
1294,under18,1990,223677,Montana
1295,total,1990,800204,Montana
1296,under18,1990,1625804,North Carolina
1297,total,1990,6664016,North Carolina
1298,total,1991,6784280,North Carolina
1299,under18,1991,1640394,North Carolina
1300,total,1993,7042818,North Carolina
1301,under18,1993,1710267,North Carolina
1302,under18,1992,1674144,North Carolina
1303,total,1992,6897214,North Carolina
1304,under18,1994,1750754,North Carolina
1305,total,1994,7187398,North Carolina
1306,total,1995,7344674,North Carolina
1307,under18,1995,1785150,North Carolina
1308,under18,1996,1821506,North Carolina
1309,total,1996,7500670,North Carolina
1310,under18,1998,1894753,North Carolina
1311,total,1998,7809122,North Carolina
1312,total,1997,7656825,North Carolina
1313,under18,1997,1861621,North Carolina
1314,total,2000,8081614,North Carolina
1315,under18,2000,1967626,North Carolina
1316,total,1999,7949362,North Carolina
1317,under18,1999,1932141,North Carolina
1318,total,2001,8210122,North Carolina
1319,under18,2001,2003782,North Carolina
1320,total,2002,8326201,North Carolina
1321,under18,2002,2034451,North Carolina
1322,total,2004,8553152,North Carolina
1323,under18,2004,2085165,North Carolina
1324,total,2003,8422501,North Carolina
1325,under18,2003,2060838,North Carolina
1326,total,2005,8705407,North Carolina
1327,under18,2005,2122485,North Carolina
1328,total,2006,8917270,North Carolina
1329,under18,2006,2166393,North Carolina
1330,total,2008,9309449,North Carolina
1331,under18,2008,2252101,North Carolina
1332,total,2007,9118037,North Carolina
1333,under18,2007,2219168,North Carolina
1334,under18,2013,2285605,North Carolina
1335,total,2013,9848060,North Carolina
1336,total,2009,9449566,North Carolina
1337,under18,2009,2272955,North Carolina
1338,total,2010,9559533,North Carolina
1339,under18,2010,2282288,North Carolina
1340,under18,2011,2284238,North Carolina
1341,total,2011,9651377,North Carolina
1342,under18,2012,2284122,North Carolina
1343,total,2012,9748364,North Carolina
1344,total,2012,701345,North Dakota
1345,under18,2012,156765,North Dakota
1346,total,2011,684867,North Dakota
1347,under18,2011,152357,North Dakota
1348,under18,2010,150179,North Dakota
1349,total,2010,674344,North Dakota
1350,total,2009,664968,North Dakota
1351,under18,2009,148674,North Dakota
1352,total,2013,723393,North Dakota
1353,under18,2013,162688,North Dakota
1354,total,2007,652822,North Dakota
1355,under18,2007,147263,North Dakota
1356,total,2008,657569,North Dakota
1357,under18,2008,147462,North Dakota
1358,total,2006,649422,North Dakota
1359,under18,2006,147331,North Dakota
1360,total,2005,646089,North Dakota
1361,under18,2005,148119,North Dakota
1362,total,2003,638817,North Dakota
1363,under18,2003,150406,North Dakota
1364,total,2004,644705,North Dakota
1365,under18,2004,149128,North Dakota
1366,total,2002,638168,North Dakota
1367,under18,2002,153097,North Dakota
1368,total,2001,639062,North Dakota
1369,under18,2001,156113,North Dakota
1370,total,1999,644259,North Dakota
1371,under18,1999,163056,North Dakota
1372,total,2000,642023,North Dakota
1373,under18,2000,160477,North Dakota
1374,total,1997,649716,North Dakota
1375,under18,1997,167475,North Dakota
1376,under18,1998,165448,North Dakota
1377,total,1998,647532,North Dakota
1378,under18,1996,169257,North Dakota
1379,total,1996,650382,North Dakota
1380,total,1995,647832,North Dakota
1381,under18,1995,171146,North Dakota
1382,under18,1994,172160,North Dakota
1383,total,1994,644806,North Dakota
1384,under18,1992,172052,North Dakota
1385,total,1992,638223,North Dakota
1386,total,1993,641216,North Dakota
1387,under18,1993,172168,North Dakota
1388,total,1991,635753,North Dakota
1389,under18,1991,171730,North Dakota
1390,under18,1990,170920,North Dakota
1391,total,1990,637685,North Dakota
1392,under18,1990,430068,Nebraska
1393,total,1990,1581660,Nebraska
1394,total,1991,1595919,Nebraska
1395,under18,1991,434525,Nebraska
1396,under18,1994,442589,Nebraska
1397,total,1994,1639041,Nebraska
1398,total,1993,1625590,Nebraska
1399,under18,1993,439313,Nebraska
1400,under18,1992,436378,Nebraska
1401,total,1992,1611687,Nebraska
1402,under18,1996,446841,Nebraska
1403,total,1996,1673740,Nebraska
1404,total,1995,1656993,Nebraska
1405,under18,1995,444418,Nebraska
1406,under18,1998,451192,Nebraska
1407,total,1998,1695817,Nebraska
1408,total,1997,1686418,Nebraska
1409,under18,1997,450076,Nebraska
1410,total,1999,1704764,Nebraska
1411,under18,1999,451047,Nebraska
1412,total,2000,1713820,Nebraska
1413,under18,2000,450380,Nebraska
1414,total,2001,1719836,Nebraska
1415,under18,2001,448307,Nebraska
1416,total,2002,1728292,Nebraska
1417,under18,2002,447714,Nebraska
1418,total,2004,1749370,Nebraska
1419,under18,2004,448360,Nebraska
1420,total,2003,1738643,Nebraska
1421,under18,2003,447444,Nebraska
1422,total,2006,1772693,Nebraska
1423,under18,2006,450098,Nebraska
1424,total,2005,1761497,Nebraska
1425,under18,2005,448918,Nebraska
1426,total,2008,1796378,Nebraska
1427,under18,2008,453787,Nebraska
1428,total,2007,1783440,Nebraska
1429,under18,2007,451946,Nebraska
1430,under18,2013,464348,Nebraska
1431,total,2009,1812683,Nebraska
1432,under18,2009,456543,Nebraska
1433,total,2013,1868516,Nebraska
1434,total,2010,1829838,Nebraska
1435,under18,2010,459621,Nebraska
1436,total,2011,1841749,Nebraska
1437,under18,2011,460872,Nebraska
1438,under18,2012,462673,Nebraska
1439,total,2012,1855350,Nebraska
1440,under18,1990,277454,New Hampshire
1441,total,1990,1112384,New Hampshire
1442,total,1991,1109929,New Hampshire
1443,under18,1991,281127,New Hampshire
1444,under18,1994,295563,New Hampshire
1445,total,1994,1142561,New Hampshire
1446,total,1993,1129458,New Hampshire
1447,under18,1993,290409,New Hampshire
1448,under18,1992,286314,New Hampshire
1449,total,1992,1117785,New Hampshire
1450,under18,1996,300161,New Hampshire
1451,total,1996,1174719,New Hampshire
1452,total,1995,1157561,New Hampshire
1453,under18,1995,298246,New Hampshire
1454,under18,1998,307292,New Hampshire
1455,total,1998,1205941,New Hampshire
1456,total,1997,1189425,New Hampshire
1457,under18,1997,302834,New Hampshire
1458,total,2000,1239882,New Hampshire
1459,under18,2000,310352,New Hampshire
1460,total,1999,1222015,New Hampshire
1461,under18,1999,308423,New Hampshire
1462,total,2001,1255517,New Hampshire
1463,under18,2001,311877,New Hampshire
1464,total,2002,1269089,New Hampshire
1465,under18,2002,312743,New Hampshire
1466,total,2004,1290121,New Hampshire
1467,under18,2004,309243,New Hampshire
1468,total,2003,1279840,New Hampshire
1469,under18,2003,311412,New Hampshire
1470,total,2005,1298492,New Hampshire
1471,under18,2005,307403,New Hampshire
1472,total,2006,1308389,New Hampshire
1473,under18,2006,305169,New Hampshire
1474,total,2008,1315906,New Hampshire
1475,under18,2008,296029,New Hampshire
1476,total,2007,1312540,New Hampshire
1477,under18,2007,300918,New Hampshire
1478,under18,2013,271122,New Hampshire
1479,total,2009,1316102,New Hampshire
1480,under18,2009,290850,New Hampshire
1481,total,2013,1323459,New Hampshire
1482,total,2010,1316614,New Hampshire
1483,under18,2010,285702,New Hampshire
1484,total,2011,1318075,New Hampshire
1485,under18,2011,280486,New Hampshire
1486,under18,2012,275818,New Hampshire
1487,total,2012,1321617,New Hampshire
1488,total,2012,8867749,New Jersey
1489,under18,2012,2035106,New Jersey
1490,under18,2011,2049453,New Jersey
1491,total,2011,8836639,New Jersey
1492,under18,2010,2062013,New Jersey
1493,total,2010,8802707,New Jersey
1494,total,2013,8899339,New Jersey
1495,total,2009,8755602,New Jersey
1496,under18,2009,2068684,New Jersey
1497,under18,2013,2022117,New Jersey
1498,total,2007,8677885,New Jersey
1499,under18,2007,2091023,New Jersey
1500,total,2008,8711090,New Jersey
1501,under18,2008,2076366,New Jersey
1502,total,2006,8661679,New Jersey
1503,under18,2006,2106403,New Jersey
1504,total,2005,8651974,New Jersey
1505,under18,2005,2121878,New Jersey
1506,total,2003,8601402,New Jersey
1507,under18,2003,2126014,New Jersey
1508,total,2004,8634561,New Jersey
1509,under18,2004,2129051,New Jersey
1510,total,2002,8552643,New Jersey
1511,under18,2002,2116591,New Jersey
1512,total,2001,8492671,New Jersey
1513,under18,2001,2102838,New Jersey
1514,total,1999,8359592,New Jersey
1515,under18,1999,2066678,New Jersey
1516,total,2000,8430621,New Jersey
1517,under18,2000,2088885,New Jersey
1518,total,1997,8218808,New Jersey
1519,under18,1997,2028349,New Jersey
1520,under18,1998,2042080,New Jersey
1521,total,1998,8287418,New Jersey
1522,total,1995,8083242,New Jersey
1523,under18,1995,1997187,New Jersey
1524,under18,1996,2016502,New Jersey
1525,total,1996,8149596,New Jersey
1526,under18,1992,1890108,New Jersey
1527,total,1992,7880508,New Jersey
1528,total,1993,7948915,New Jersey
1529,under18,1993,1928623,New Jersey
1530,under18,1994,1968232,New Jersey
1531,total,1994,8014306,New Jersey
1532,total,1991,7814676,New Jersey
1533,under18,1991,1849605,New Jersey
1534,under18,1990,1818187,New Jersey
1535,total,1990,7762963,New Jersey
1536,total,1990,1521574,New Mexico
1537,under18,1990,453538,New Mexico
1538,under18,1991,461811,New Mexico
1539,total,1991,1555305,New Mexico
1540,under18,1994,497542,New Mexico
1541,under18,1993,487742,New Mexico
1542,total,1993,1636453,New Mexico
1543,total,1992,1595442,New Mexico
1544,under18,1992,473176,New Mexico
1545,total,1994,1682398,New Mexico
1546,under18,1996,508100,New Mexico
1547,total,1995,1720394,New Mexico
1548,under18,1995,504558,New Mexico
1549,total,1996,1752326,New Mexico
1550,under18,1998,512801,New Mexico
1551,total,1998,1793484,New Mexico
1552,total,1997,1774839,New Mexico
1553,under18,1997,514500,New Mexico
1554,under18,1999,511135,New Mexico
1555,total,1999,1808082,New Mexico
1556,total,2000,1821204,New Mexico
1557,under18,2000,508132,New Mexico
1558,total,2001,1831690,New Mexico
1559,under18,2001,503404,New Mexico
1560,total,2002,1855309,New Mexico
1561,under18,2002,502779,New Mexico
1562,total,2004,1903808,New Mexico
1563,under18,2004,501184,New Mexico
1564,total,2003,1877574,New Mexico
1565,under18,2003,500777,New Mexico
1566,total,2005,1932274,New Mexico
1567,under18,2005,502612,New Mexico
1568,total,2006,1962137,New Mexico
1569,under18,2006,505125,New Mexico
1570,total,2008,2010662,New Mexico
1571,under18,2008,511214,New Mexico
1572,total,2007,1990070,New Mexico
1573,under18,2007,508725,New Mexico
1574,under18,2013,507540,New Mexico
1575,total,2013,2085287,New Mexico
1576,total,2009,2036802,New Mexico
1577,under18,2009,515470,New Mexico
1578,total,2010,2064982,New Mexico
1579,under18,2010,518763,New Mexico
1580,under18,2011,516513,New Mexico
1581,total,2011,2077919,New Mexico
1582,under18,2012,512314,New Mexico
1583,total,2012,2083540,New Mexico
1584,total,2012,2754354,Nevada
1585,under18,2012,659655,Nevada
1586,under18,2011,659236,Nevada
1587,total,2011,2717951,Nevada
1588,under18,2010,663180,Nevada
1589,total,2010,2703230,Nevada
1590,total,2013,2790136,Nevada
1591,total,2009,2684665,Nevada
1592,under18,2009,666041,Nevada
1593,under18,2013,661605,Nevada
1594,total,2007,2601072,Nevada
1595,under18,2007,654053,Nevada
1596,total,2008,2653630,Nevada
1597,under18,2008,662621,Nevada
1598,total,2005,2432143,Nevada
1599,under18,2005,611595,Nevada
1600,total,2006,2522658,Nevada
1601,under18,2006,634403,Nevada
1602,total,2003,2248850,Nevada
1603,under18,2003,568963,Nevada
1604,total,2004,2346222,Nevada
1605,under18,2004,591314,Nevada
1606,total,2002,2173791,Nevada
1607,under18,2002,552816,Nevada
1608,total,2001,2098399,Nevada
1609,under18,2001,534708,Nevada
1610,total,1999,1934718,Nevada
1611,under18,1999,493701,Nevada
1612,total,2000,2018741,Nevada
1613,under18,2000,516018,Nevada
1614,total,1997,1764104,Nevada
1615,under18,1997,443626,Nevada
1616,under18,1998,469424,Nevada
1617,total,1998,1853192,Nevada
1618,total,1995,1581578,Nevada
1619,under18,1995,396223,Nevada
1620,under18,1996,419133,Nevada
1621,total,1996,1666320,Nevada
1622,under18,1992,337396,Nevada
1623,total,1992,1351367,Nevada
1624,total,1993,1411215,Nevada
1625,under18,1993,354990,Nevada
1626,under18,1994,376745,Nevada
1627,total,1994,1499298,Nevada
1628,total,1991,1296172,Nevada
1629,under18,1991,325033,Nevada
1630,under18,1990,316406,Nevada
1631,total,1990,1220695,Nevada
1632,total,2012,19576125,New York
1633,under18,2012,4264694,New York
1634,total,2011,19502728,New York
1635,under18,2011,4294555,New York
1636,under18,2010,4318033,New York
1637,total,2010,19398228,New York
1638,total,2009,19307066,New York
1639,under18,2009,4342926,New York
1640,total,2013,19651127,New York
1641,under18,2013,4239976,New York
1642,total,2007,19132335,New York
1643,under18,2007,4410949,New York
1644,total,2008,19212436,New York
1645,under18,2008,4372170,New York
1646,total,2006,19104631,New York
1647,under18,2006,4457777,New York
1648,total,2005,19132610,New York
1649,under18,2005,4514456,New York
1650,total,2003,19175939,New York
1651,under18,2003,4619506,New York
1652,total,2004,19171567,New York
1653,under18,2004,4574065,New York
1654,total,2002,19137800,New York
1655,under18,2002,4652232,New York
1656,total,2001,19082838,New York
1657,under18,2001,4672425,New York
1658,under18,1999,4672587,New York
1659,total,1999,18882725,New York
1660,total,2000,19001780,New York
1661,under18,2000,4687374,New York
1662,under18,1997,4670787,New York
1663,total,1997,18656546,New York
1664,total,1998,18755906,New York
1665,under18,1998,4652140,New York
1666,total,1996,18588460,New York
1667,under18,1995,4648419,New York
1668,total,1995,18524104,New York
1669,under18,1996,4667647,New York
1670,total,1994,18459470,New York
1671,under18,1992,4465539,New York
1672,total,1992,18246653,New York
1673,total,1993,18374954,New York
1674,under18,1993,4538171,New York
1675,under18,1994,4605284,New York
1676,total,1991,18122510,New York
1677,under18,1991,4372727,New York
1678,under18,1990,4281643,New York
1679,total,1990,18020784,New York
1680,under18,1990,2778491,Ohio
1681,total,1990,10864162,Ohio
1682,total,1991,10945762,Ohio
1683,under18,1991,2806959,Ohio
1684,total,1993,11101140,Ohio
1685,under18,1993,2855785,Ohio
1686,under18,1992,2839356,Ohio
1687,total,1992,11029431,Ohio
1688,under18,1994,2875397,Ohio
1689,total,1994,11152455,Ohio
1690,total,1995,11202751,Ohio
1691,under18,1995,2879930,Ohio
1692,under18,1996,2883443,Ohio
1693,total,1996,11242827,Ohio
1694,under18,1998,2896255,Ohio
1695,total,1998,11311536,Ohio
1696,total,1997,11277357,Ohio
1697,under18,1997,2897375,Ohio
1698,total,2000,11363543,Ohio
1699,under18,2000,2886585,Ohio
1700,total,1999,11335454,Ohio
1701,under18,1999,2893270,Ohio
1702,total,2001,11387404,Ohio
1703,under18,2001,2878123,Ohio
1704,total,2002,11407889,Ohio
1705,under18,2002,2865674,Ohio
1706,total,2004,11452251,Ohio
1707,under18,2004,2836068,Ohio
1708,total,2003,11434788,Ohio
1709,under18,2003,2849573,Ohio
1710,total,2005,11463320,Ohio
1711,under18,2005,2819794,Ohio
1712,total,2006,11481213,Ohio
1713,under18,2006,2804828,Ohio
1714,total,2008,11515391,Ohio
1715,under18,2008,2768968,Ohio
1716,total,2007,11500468,Ohio
1717,under18,2007,2790347,Ohio
1718,under18,2013,2649830,Ohio
1719,total,2013,11570808,Ohio
1720,total,2009,11528896,Ohio
1721,under18,2009,2748051,Ohio
1722,total,2010,11545435,Ohio
1723,under18,2010,2722589,Ohio
1724,under18,2011,2693469,Ohio
1725,total,2011,11549772,Ohio
1726,under18,2012,2668125,Ohio
1727,total,2012,11553031,Ohio
1728,total,2012,3815780,Oklahoma
1729,under18,2012,939911,Oklahoma
1730,total,2011,3785534,Oklahoma
1731,under18,2011,935714,Oklahoma
1732,under18,2010,931483,Oklahoma
1733,total,2010,3759263,Oklahoma
1734,total,2009,3717572,Oklahoma
1735,under18,2009,922711,Oklahoma
1736,total,2013,3850568,Oklahoma
1737,under18,2013,947027,Oklahoma
1738,total,2007,3634349,Oklahoma
1739,under18,2007,904328,Oklahoma
1740,total,2008,3668976,Oklahoma
1741,under18,2008,910617,Oklahoma
1742,total,2006,3594090,Oklahoma
1743,under18,2006,894761,Oklahoma
1744,total,2005,3548597,Oklahoma
1745,under18,2005,885316,Oklahoma
1746,total,2003,3504892,Oklahoma
1747,under18,2003,883959,Oklahoma
1748,total,2004,3525233,Oklahoma
1749,under18,2004,881606,Oklahoma
1750,total,2002,3489080,Oklahoma
1751,under18,2002,884961,Oklahoma
1752,total,2001,3467100,Oklahoma
1753,under18,2001,885218,Oklahoma
1754,total,1999,3437148,Oklahoma
1755,under18,1999,895678,Oklahoma
1756,total,2000,3454365,Oklahoma
1757,under18,2000,891847,Oklahoma
1758,total,1997,3372918,Oklahoma
1759,under18,1997,893835,Oklahoma
1760,under18,1998,898501,Oklahoma
1761,total,1998,3405194,Oklahoma
1762,under18,1996,887093,Oklahoma
1763,total,1996,3340129,Oklahoma
1764,total,1995,3308208,Oklahoma
1765,under18,1995,883667,Oklahoma
1766,under18,1994,877803,Oklahoma
1767,total,1994,3280940,Oklahoma
1768,under18,1992,862548,Oklahoma
1769,total,1992,3220517,Oklahoma
1770,total,1993,3252285,Oklahoma
1771,under18,1993,870137,Oklahoma
1772,total,1991,3175440,Oklahoma
1773,under18,1991,849639,Oklahoma
1774,under18,1990,841715,Oklahoma
1775,total,1990,3148825,Oklahoma
1776,under18,1990,742436,Oregon
1777,total,1990,2860375,Oregon
1778,total,1991,2928507,Oregon
1779,under18,1991,752442,Oregon
1780,total,1993,3060367,Oregon
1781,under18,1993,778973,Oregon
1782,under18,1992,770191,Oregon
1783,total,1992,2991755,Oregon
1784,under18,1994,793435,Oregon
1785,total,1994,3121264,Oregon
1786,total,1995,3184369,Oregon
1787,under18,1995,806512,Oregon
1788,under18,1996,816102,Oregon
1789,total,1996,3247111,Oregon
1790,under18,1998,837928,Oregon
1791,total,1998,3352449,Oregon
1792,total,1997,3304310,Oregon
1793,under18,1997,830002,Oregon
1794,total,2000,3429708,Oregon
1795,under18,2000,847511,Oregon
1796,total,1999,3393941,Oregon
1797,under18,1999,843484,Oregon
1798,total,2001,3467937,Oregon
1799,under18,2001,848663,Oregon
1800,total,2002,3513424,Oregon
1801,under18,2002,850733,Oregon
1802,total,2004,3569463,Oregon
1803,under18,2004,846786,Oregon
1804,total,2003,3547376,Oregon
1805,under18,2003,850251,Oregon
1806,total,2005,3613202,Oregon
1807,under18,2005,849323,Oregon
1808,total,2006,3670883,Oregon
1809,under18,2006,857003,Oregon
1810,total,2008,3768748,Oregon
1811,under18,2008,865664,Oregon
1812,total,2007,3722417,Oregon
1813,under18,2007,862161,Oregon
1814,under18,2013,857606,Oregon
1815,total,2013,3930065,Oregon
1816,total,2009,3808600,Oregon
1817,under18,2009,866194,Oregon
1818,total,2010,3837208,Oregon
1819,under18,2010,865129,Oregon
1820,under18,2011,862518,Oregon
1821,total,2011,3867937,Oregon
1822,under18,2012,859910,Oregon
1823,total,2012,3899801,Oregon
1824,total,2012,12764475,Pennsylvania
1825,under18,2012,2737905,Pennsylvania
1826,total,2011,12741310,Pennsylvania
1827,under18,2011,2761343,Pennsylvania
1828,under18,2010,2785316,Pennsylvania
1829,total,2010,12710472,Pennsylvania
1830,total,2009,12666858,Pennsylvania
1831,under18,2009,2804929,Pennsylvania
1832,total,2013,12773801,Pennsylvania
1833,under18,2013,2715645,Pennsylvania
1834,total,2007,12563937,Pennsylvania
1835,under18,2007,2839574,Pennsylvania
1836,total,2008,12612285,Pennsylvania
1837,under18,2008,2821004,Pennsylvania
1838,total,2006,12510809,Pennsylvania
1839,under18,2006,2850778,Pennsylvania
1840,total,2005,12449990,Pennsylvania
1841,under18,2005,2859793,Pennsylvania
1842,total,2003,12374658,Pennsylvania
1843,under18,2003,2883270,Pennsylvania
1844,total,2004,12410722,Pennsylvania
1845,under18,2004,2873125,Pennsylvania
1846,total,2002,12331031,Pennsylvania
1847,under18,2002,2894935,Pennsylvania
1848,total,2001,12298970,Pennsylvania
1849,under18,2001,2905836,Pennsylvania
1850,total,1999,12263805,Pennsylvania
1851,under18,1999,2930193,Pennsylvania
1852,total,2000,12284173,Pennsylvania
1853,under18,2000,2918850,Pennsylvania
1854,total,1997,12227814,Pennsylvania
1855,under18,1997,2942240,Pennsylvania
1856,under18,1998,2940285,Pennsylvania
1857,total,1998,12245672,Pennsylvania
1858,under18,1996,2937411,Pennsylvania
1859,total,1996,12220464,Pennsylvania
1860,total,1995,12198403,Pennsylvania
1861,under18,1995,2941531,Pennsylvania
1862,under18,1994,2932851,Pennsylvania
1863,total,1994,12166050,Pennsylvania
1864,under18,1992,2873013,Pennsylvania
1865,total,1992,12049450,Pennsylvania
1866,total,1993,12119724,Pennsylvania
1867,under18,1993,2907351,Pennsylvania
1868,total,1991,11982164,Pennsylvania
1869,under18,1991,2830059,Pennsylvania
1870,under18,1990,2799168,Pennsylvania
1871,total,1990,11903299,Pennsylvania
1872,under18,1990,225923,Rhode Island
1873,total,1990,1005995,Rhode Island
1874,total,1991,1010649,Rhode Island
1875,under18,1991,229448,Rhode Island
1876,total,1993,1015113,Rhode Island
1877,under18,1993,237218,Rhode Island
1878,under18,1992,232630,Rhode Island
1879,total,1992,1012581,Rhode Island
1880,under18,1994,239100,Rhode Island
1881,total,1994,1015960,Rhode Island
1882,total,1995,1017002,Rhode Island
1883,under18,1995,240553,Rhode Island
1884,under18,1996,240569,Rhode Island
1885,total,1996,1020893,Rhode Island
1886,under18,1998,241760,Rhode Island
1887,total,1998,1031155,Rhode Island
1888,total,1997,1025353,Rhode Island
1889,under18,1997,242079,Rhode Island
1890,total,2000,1050268,Rhode Island
1891,under18,2000,248065,Rhode Island
1892,total,1999,1040402,Rhode Island
1893,under18,1999,247014,Rhode Island
1894,total,2001,1057142,Rhode Island
1895,under18,2001,248296,Rhode Island
1896,total,2002,1065995,Rhode Island
1897,under18,2002,248690,Rhode Island
1898,total,2004,1074579,Rhode Island
1899,under18,2004,246228,Rhode Island
1900,total,2003,1071342,Rhode Island
1901,under18,2003,248075,Rhode Island
1902,total,2005,1067916,Rhode Island
1903,under18,2005,241932,Rhode Island
1904,total,2006,1063096,Rhode Island
1905,under18,2006,237348,Rhode Island
1906,total,2008,1055003,Rhode Island
1907,under18,2008,229798,Rhode Island
1908,total,2007,1057315,Rhode Island
1909,under18,2007,233655,Rhode Island
1910,under18,2013,213987,Rhode Island
1911,total,2013,1051511,Rhode Island
1912,total,2009,1053646,Rhode Island
1913,under18,2009,225902,Rhode Island
1914,total,2010,1052669,Rhode Island
1915,under18,2010,223088,Rhode Island
1916,under18,2011,219783,Rhode Island
1917,total,2011,1050350,Rhode Island
1918,under18,2012,216591,Rhode Island
1919,total,2012,1050304,Rhode Island
1920,total,2012,4723417,South Carolina
1921,under18,2012,1077455,South Carolina
1922,total,2011,4673509,South Carolina
1923,under18,2011,1076524,South Carolina
1924,under18,2010,1079978,South Carolina
1925,total,2010,4636361,South Carolina
1926,total,2009,4589872,South Carolina
1927,under18,2009,1079729,South Carolina
1928,total,2013,4774839,South Carolina
1929,under18,2013,1079798,South Carolina
1930,total,2007,4444110,South Carolina
1931,under18,2007,1064190,South Carolina
1932,total,2008,4528996,South Carolina
1933,under18,2008,1074116,South Carolina
1934,total,2006,4357847,South Carolina
1935,under18,2006,1050042,South Carolina
1936,total,2005,4270150,South Carolina
1937,under18,2005,1036941,South Carolina
1938,total,2003,4150297,South Carolina
1939,under18,2003,1023785,South Carolina
1940,total,2004,4210921,South Carolina
1941,under18,2004,1029111,South Carolina
1942,total,2002,4107795,South Carolina
1943,under18,2002,1020531,South Carolina
1944,total,2001,4064995,South Carolina
1945,under18,2001,1016134,South Carolina
1946,total,1999,3974682,South Carolina
1947,under18,1999,1007050,South Carolina
1948,total,2000,4024223,South Carolina
1949,under18,2000,1010641,South Carolina
1950,total,1997,3859696,South Carolina
1951,under18,1997,1001681,South Carolina
1952,under18,1998,1006371,South Carolina
1953,total,1998,3919235,South Carolina
1954,under18,1996,987576,South Carolina
1955,total,1996,3796200,South Carolina
1956,total,1995,3748582,South Carolina
1957,under18,1995,975884,South Carolina
1958,under18,1994,969766,South Carolina
1959,total,1994,3705397,South Carolina
1960,under18,1992,947868,South Carolina
1961,total,1992,3620464,South Carolina
1962,total,1993,3663314,South Carolina
1963,under18,1993,956951,South Carolina
1964,total,1991,3570404,South Carolina
1965,under18,1991,936122,South Carolina
1966,under18,1990,921041,South Carolina
1967,total,1990,3501155,South Carolina
1968,under18,1990,199453,South Dakota
1969,total,1990,697101,South Dakota
1970,total,1991,703669,South Dakota
1971,under18,1991,201749,South Dakota
1972,total,1993,722160,South Dakota
1973,under18,1993,207975,South Dakota
1974,under18,1992,206632,South Dakota
1975,total,1992,712801,South Dakota
1976,under18,1994,208443,South Dakota
1977,total,1994,730790,South Dakota
1978,total,1995,737926,South Dakota
1979,under18,1995,207890,South Dakota
1980,under18,1996,205780,South Dakota
1981,total,1996,742214,South Dakota
1982,under18,1998,204786,South Dakota
1983,total,1998,746059,South Dakota
1984,total,1997,744223,South Dakota
1985,under18,1997,205978,South Dakota
1986,total,2000,755844,South Dakota
1987,under18,2000,202681,South Dakota
1988,total,1999,750413,South Dakota
1989,under18,1999,203737,South Dakota
1990,total,2001,757972,South Dakota
1991,under18,2001,200795,South Dakota
1992,total,2002,760020,South Dakota
1993,under18,2002,198694,South Dakota
1994,total,2004,770396,South Dakota
1995,under18,2004,196804,South Dakota
1996,total,2003,763729,South Dakota
1997,under18,2003,197326,South Dakota
1998,total,2005,775493,South Dakota
1999,under18,2005,196476,South Dakota
2000,total,2006,783033,South Dakota
2001,under18,2006,197332,South Dakota
2002,total,2008,799124,South Dakota
2003,under18,2008,199848,South Dakota
2004,total,2007,791623,South Dakota
2005,under18,2007,198847,South Dakota
2006,under18,2013,207959,South Dakota
2007,total,2013,844877,South Dakota
2008,total,2009,807067,South Dakota
2009,under18,2009,201204,South Dakota
2010,total,2010,816211,South Dakota
2011,under18,2010,203145,South Dakota
2012,under18,2011,203948,South Dakota
2013,total,2011,823772,South Dakota
2014,under18,2012,205298,South Dakota
2015,total,2012,834047,South Dakota
2016,total,2012,6454914,Tennessee
2017,under18,2012,1492689,Tennessee
2018,total,2011,6398361,Tennessee
2019,under18,2011,1491837,Tennessee
2020,under18,2010,1495090,Tennessee
2021,total,2010,6356683,Tennessee
2022,total,2009,6306019,Tennessee
2023,under18,2009,1494687,Tennessee
2024,total,2013,6495978,Tennessee
2025,under18,2013,1491577,Tennessee
2026,total,2007,6175727,Tennessee
2027,under18,2007,1482747,Tennessee
2028,total,2008,6247411,Tennessee
2029,under18,2008,1494354,Tennessee
2030,total,2006,6088766,Tennessee
2031,under18,2006,1470166,Tennessee
2032,total,2005,5991057,Tennessee
2033,under18,2005,1449326,Tennessee
2034,total,2003,5847812,Tennessee
2035,under18,2003,1424861,Tennessee
2036,total,2004,5910809,Tennessee
2037,under18,2004,1433343,Tennessee
2038,total,2002,5795918,Tennessee
2039,under18,2002,1414857,Tennessee
2040,total,2001,5750789,Tennessee
2041,under18,2001,1407578,Tennessee
2042,total,1999,5638706,Tennessee
2043,under18,1999,1385997,Tennessee
2044,total,2000,5703719,Tennessee
2045,under18,2000,1399685,Tennessee
2046,total,1997,5499233,Tennessee
2047,under18,1997,1359030,Tennessee
2048,under18,1998,1369987,Tennessee
2049,total,1998,5570045,Tennessee
2050,under18,1996,1345723,Tennessee
2051,total,1996,5416643,Tennessee
2052,total,1995,5326936,Tennessee
2053,under18,1995,1331616,Tennessee
2054,under18,1994,1310988,Tennessee
2055,total,1994,5231438,Tennessee
2056,under18,1992,1259458,Tennessee
2057,total,1992,5049742,Tennessee
2058,total,1993,5137584,Tennessee
2059,under18,1993,1285044,Tennessee
2060,total,1991,4966587,Tennessee
2061,under18,1991,1233260,Tennessee
2062,under18,1990,1220200,Tennessee
2063,total,1990,4894492,Tennessee
2064,under18,1990,4906220,Texas
2065,total,1990,17056755,Texas
2066,total,1991,17398005,Texas
2067,under18,1991,5000793,Texas
2068,total,1993,18161612,Texas
2069,under18,1993,5217899,Texas
2070,under18,1992,5109805,Texas
2071,total,1992,17759738,Texas
2072,under18,1994,5331524,Texas
2073,total,1994,18564062,Texas
2074,total,1995,18958751,Texas
2075,under18,1995,5421784,Texas
2076,under18,1996,5551447,Texas
2077,total,1996,19340342,Texas
2078,under18,1998,5759054,Texas
2079,total,1998,20157531,Texas
2080,total,1997,19740317,Texas
2081,under18,1997,5655482,Texas
2082,total,2000,20944499,Texas
2083,under18,2000,5906301,Texas
2084,total,1999,20558220,Texas
2085,under18,1999,5840211,Texas
2086,total,2001,21319622,Texas
2087,under18,2001,5980187,Texas
2088,total,2002,21690325,Texas
2089,under18,2002,6060372,Texas
2090,total,2004,22394023,Texas
2091,under18,2004,6208259,Texas
2092,total,2003,22030931,Texas
2093,under18,2003,6132980,Texas
2094,total,2005,22778123,Texas
2095,under18,2005,6290970,Texas
2096,total,2006,23359580,Texas
2097,under18,2006,6446798,Texas
2098,total,2008,24309039,Texas
2099,under18,2008,6675917,Texas
2100,total,2007,23831983,Texas
2101,under18,2007,6565872,Texas
2102,under18,2013,7041986,Texas
2103,total,2013,26448193,Texas
2104,total,2009,24801761,Texas
2105,under18,2009,6792907,Texas
2106,total,2010,25245178,Texas
2107,under18,2010,6879014,Texas
2108,under18,2011,6931758,Texas
2109,total,2011,25640909,Texas
2110,under18,2012,6985807,Texas
2111,total,2012,26060796,Texas
2112,total,2012,2854871,Utah
2113,under18,2012,888578,Utah
2114,total,2011,2814784,Utah
2115,under18,2011,881350,Utah
2116,under18,2010,873019,Utah
2117,total,2010,2774424,Utah
2118,total,2009,2723421,Utah
2119,under18,2009,857853,Utah
2120,total,2013,2900872,Utah
2121,under18,2013,896589,Utah
2122,total,2007,2597746,Utah
2123,under18,2007,815496,Utah
2124,total,2008,2663029,Utah
2125,under18,2008,837258,Utah
2126,total,2006,2525507,Utah
2127,under18,2006,789957,Utah
2128,total,2005,2457719,Utah
2129,under18,2005,767888,Utah
2130,total,2003,2360137,Utah
2131,under18,2003,740483,Utah
2132,total,2004,2401580,Utah
2133,under18,2004,751771,Utah
2134,total,2002,2324815,Utah
2135,under18,2002,733517,Utah
2136,total,2001,2283715,Utah
2137,under18,2001,726819,Utah
2138,total,1999,2203482,Utah
2139,under18,1999,715398,Utah
2140,total,2000,2244502,Utah
2141,under18,2000,721686,Utah
2142,total,1997,2119784,Utah
2143,under18,1997,699528,Utah
2144,under18,1998,709386,Utah
2145,total,1998,2165961,Utah
2146,under18,1996,687078,Utah
2147,total,1996,2067976,Utah
2148,total,1995,2014179,Utah
2149,under18,1995,679636,Utah
2150,under18,1994,673935,Utah
2151,total,1994,1960446,Utah
2152,under18,1992,648725,Utah
2153,total,1992,1836799,Utah
2154,total,1993,1898404,Utah
2155,under18,1993,662968,Utah
2156,total,1991,1779780,Utah
2157,under18,1991,637216,Utah
2158,under18,1990,627122,Utah
2159,total,1990,1731223,Utah
2160,total,2012,8186628,Virginia
2161,under18,2012,1861323,Virginia
2162,total,2011,8105850,Virginia
2163,under18,2011,1857585,Virginia
2164,under18,2010,1855025,Virginia
2165,total,2010,8024417,Virginia
2166,total,2009,7925937,Virginia
2167,under18,2009,1845132,Virginia
2168,total,2013,8260405,Virginia
2169,under18,2013,1864535,Virginia
2170,total,2007,7751000,Virginia
2171,under18,2007,1834386,Virginia
2172,total,2008,7833496,Virginia
2173,under18,2008,1838361,Virginia
2174,total,2005,7577105,Virginia
2175,under18,2005,1816270,Virginia
2176,total,2006,7673725,Virginia
2177,under18,2006,1826368,Virginia
2178,total,2003,7366977,Virginia
2179,under18,2003,1782254,Virginia
2180,total,2004,7475575,Virginia
2181,under18,2004,1801958,Virginia
2182,total,2002,7286873,Virginia
2183,under18,2002,1771247,Virginia
2184,total,2001,7198362,Virginia
2185,under18,2001,1754549,Virginia
2186,total,1999,7000174,Virginia
2187,under18,1999,1723125,Virginia
2188,total,2000,7105817,Virginia
2189,under18,2000,1741420,Virginia
2190,total,1997,6829183,Virginia
2191,under18,1997,1683766,Virginia
2192,under18,1998,1706261,Virginia
2193,total,1998,6900918,Virginia
2194,under18,1996,1664147,Virginia
2195,total,1996,6750884,Virginia
2196,total,1995,6670693,Virginia
2197,under18,1995,1649005,Virginia
2198,under18,1994,1628711,Virginia
2199,total,1994,6593139,Virginia
2200,under18,1992,1581544,Virginia
2201,total,1992,6414307,Virginia
2202,total,1993,6509630,Virginia
2203,under18,1993,1604758,Virginia
2204,total,1991,6301217,Virginia
2205,under18,1991,1548258,Virginia
2206,under18,1990,1520670,Virginia
2207,total,1990,6216884,Virginia
2208,under18,1990,143296,Vermont
2209,total,1990,564798,Vermont
2210,total,1991,568606,Vermont
2211,under18,1991,145219,Vermont
2212,total,1993,577748,Vermont
2213,under18,1993,148705,Vermont
2214,under18,1992,146983,Vermont
2215,total,1992,572751,Vermont
2216,under18,1994,150794,Vermont
2217,total,1994,583836,Vermont
2218,total,1995,589003,Vermont
2219,under18,1995,151439,Vermont
2220,under18,1996,151490,Vermont
2221,total,1996,593701,Vermont
2222,under18,1998,148467,Vermont
2223,total,1998,600416,Vermont
2224,total,1997,597239,Vermont
2225,under18,1997,150040,Vermont
2226,total,2000,609618,Vermont
2227,under18,2000,147549,Vermont
2228,total,1999,604683,Vermont
2229,under18,1999,147859,Vermont
2230,total,2001,612223,Vermont
2231,under18,2001,146040,Vermont
2232,total,2002,615442,Vermont
2233,under18,2002,144441,Vermont
2234,total,2004,619920,Vermont
2235,under18,2004,141068,Vermont
2236,total,2003,617858,Vermont
2237,under18,2003,142718,Vermont
2238,total,2005,621215,Vermont
2239,under18,2005,138933,Vermont
2240,total,2006,622892,Vermont
2241,under18,2006,136731,Vermont
2242,total,2008,624151,Vermont
2243,under18,2008,132600,Vermont
2244,total,2007,623481,Vermont
2245,under18,2007,134695,Vermont
2246,under18,2013,122701,Vermont
2247,total,2013,626630,Vermont
2248,total,2009,624817,Vermont
2249,under18,2009,130450,Vermont
2250,total,2010,625793,Vermont
2251,under18,2010,128601,Vermont
2252,under18,2011,126500,Vermont
2253,total,2011,626320,Vermont
2254,under18,2012,124555,Vermont
2255,total,2012,625953,Vermont
2256,under18,1990,1301545,Washington
2257,total,1990,4903043,Washington
2258,total,1991,5025624,Washington
2259,under18,1991,1326527,Washington
2260,total,1993,5278842,Washington
2261,under18,1993,1387716,Washington
2262,under18,1992,1365480,Washington
2263,total,1992,5160757,Washington
2264,under18,1994,1409922,Washington
2265,total,1994,5375161,Washington
2266,total,1995,5481027,Washington
2267,under18,1995,1429397,Washington
2268,under18,1996,1449613,Washington
2269,total,1996,5569753,Washington
2270,under18,1998,1494784,Washington
2271,total,1998,5769562,Washington
2272,total,1997,5674747,Washington
2273,under18,1997,1473646,Washington
2274,total,2000,5910512,Washington
2275,under18,2000,1516361,Washington
2276,total,1999,5842564,Washington
2277,under18,1999,1507824,Washington
2278,total,2001,5985722,Washington
2279,under18,2001,1517527,Washington
2280,total,2002,6052349,Washington
2281,under18,2002,1517655,Washington
2282,total,2004,6178645,Washington
2283,under18,2004,1520751,Washington
2284,total,2003,6104115,Washington
2285,under18,2003,1514877,Washington
2286,total,2005,6257305,Washington
2287,under18,2005,1523890,Washington
2288,total,2006,6370753,Washington
2289,under18,2006,1536926,Washington
2290,total,2008,6562231,Washington
2291,under18,2008,1560302,Washington
2292,total,2007,6461587,Washington
2293,under18,2007,1549582,Washington
2294,under18,2013,1595795,Washington
2295,total,2013,6971406,Washington
2296,total,2009,6667426,Washington
2297,under18,2009,1574403,Washington
2298,total,2010,6742256,Washington
2299,under18,2010,1581436,Washington
2300,under18,2011,1584709,Washington
2301,total,2011,6821481,Washington
2302,under18,2012,1588451,Washington
2303,total,2012,6895318,Washington
2304,under18,1990,1302869,Wisconsin
2305,total,1990,4904562,Wisconsin
2306,total,1991,4964343,Wisconsin
2307,under18,1991,1314855,Wisconsin
2308,total,1993,5084889,Wisconsin
2309,under18,1993,1337334,Wisconsin
2310,under18,1992,1330555,Wisconsin
2311,total,1992,5025398,Wisconsin
2312,under18,1994,1348110,Wisconsin
2313,total,1994,5133678,Wisconsin
2314,total,1995,5184836,Wisconsin
2315,under18,1995,1351343,Wisconsin
2316,under18,1996,1352877,Wisconsin
2317,total,1996,5229986,Wisconsin
2318,under18,1998,1362907,Wisconsin
2319,total,1998,5297673,Wisconsin
2320,total,1997,5266213,Wisconsin
2321,under18,1997,1359712,Wisconsin
2322,total,1999,5332666,Wisconsin
2323,under18,1999,1367019,Wisconsin
2324,total,2000,5373999,Wisconsin
2325,under18,2000,1370440,Wisconsin
2326,total,2001,5406835,Wisconsin
2327,under18,2001,1367593,Wisconsin
2328,total,2002,5445162,Wisconsin
2329,under18,2002,1365315,Wisconsin
2330,total,2004,5514026,Wisconsin
2331,under18,2004,1354643,Wisconsin
2332,total,2003,5479203,Wisconsin
2333,under18,2003,1358505,Wisconsin
2334,total,2005,5546166,Wisconsin
2335,under18,2005,1349866,Wisconsin
2336,total,2006,5577655,Wisconsin
2337,under18,2006,1348785,Wisconsin
2338,total,2008,5640996,Wisconsin
2339,under18,2008,1345573,Wisconsin
2340,total,2007,5610775,Wisconsin
2341,under18,2007,1348901,Wisconsin
2342,under18,2013,1307776,Wisconsin
2343,total,2013,5742713,Wisconsin
2344,total,2009,5669264,Wisconsin
2345,under18,2009,1342411,Wisconsin
2346,total,2010,5689060,Wisconsin
2347,under18,2010,1336094,Wisconsin
2348,under18,2011,1325870,Wisconsin
2349,total,2011,5708785,Wisconsin
2350,under18,2012,1316113,Wisconsin
2351,total,2012,5724554,Wisconsin
2352,total,2012,1856680,West Virginia
2353,under18,2012,384030,West Virginia
2354,total,2011,1855184,West Virginia
2355,under18,2011,385283,West Virginia
2356,under18,2010,387224,West Virginia
2357,total,2010,1854146,West Virginia
2358,total,2009,1847775,West Virginia
2359,under18,2009,389036,West Virginia
2360,total,2013,1854304,West Virginia
2361,under18,2013,381678,West Virginia
2362,total,2007,1834052,West Virginia
2363,under18,2007,390661,West Virginia
2364,total,2008,1840310,West Virginia
2365,under18,2008,390210,West Virginia
2366,total,2006,1827912,West Virginia
2367,under18,2006,390637,West Virginia
2368,total,2005,1820492,West Virginia
2369,under18,2005,390431,West Virginia
2370,total,2003,1812295,West Virginia
2371,under18,2003,392460,West Virginia
2372,total,2004,1816438,West Virginia
2373,under18,2004,391856,West Virginia
2374,total,2002,1805414,West Virginia
2375,under18,2002,393569,West Virginia
2376,total,2001,1801481,West Virginia
2377,under18,2001,395307,West Virginia
2378,total,1999,1811799,West Virginia
2379,under18,1999,406784,West Virginia
2380,total,2000,1807021,West Virginia
2381,under18,2000,401062,West Virginia
2382,total,1997,1819113,West Virginia
2383,under18,1997,418037,West Virginia
2384,under18,1998,412793,West Virginia
2385,total,1998,1815609,West Virginia
2386,under18,1996,422831,West Virginia
2387,total,1996,1822808,West Virginia
2388,total,1995,1823700,West Virginia
2389,under18,1995,428790,West Virginia
2390,under18,1994,429128,West Virginia
2391,total,1994,1820421,West Virginia
2392,under18,1992,433116,West Virginia
2393,total,1992,1806451,West Virginia
2394,total,1993,1817539,West Virginia
2395,under18,1993,432364,West Virginia
2396,total,1991,1798735,West Virginia
2397,under18,1991,433918,West Virginia
2398,under18,1990,436797,West Virginia
2399,total,1990,1792548,West Virginia
2400,total,2012,576626,Wyoming
2401,under18,2012,136526,Wyoming
2402,total,2011,567329,Wyoming
2403,under18,2011,135407,Wyoming
2404,under18,2010,135351,Wyoming
2405,total,2010,564222,Wyoming
2406,total,2009,559851,Wyoming
2407,under18,2009,134960,Wyoming
2408,total,2013,582658,Wyoming
2409,under18,2013,137679,Wyoming
2410,total,2007,534876,Wyoming
2411,under18,2007,128760,Wyoming
2412,total,2008,546043,Wyoming
2413,under18,2008,131511,Wyoming
2414,total,2006,522667,Wyoming
2415,under18,2006,125525,Wyoming
2416,total,2005,514157,Wyoming
2417,under18,2005,124022,Wyoming
2418,total,2003,503453,Wyoming
2419,under18,2003,124182,Wyoming
2420,total,2004,509106,Wyoming
2421,under18,2004,123974,Wyoming
2422,total,2002,500017,Wyoming
2423,under18,2002,125495,Wyoming
2424,total,2001,494657,Wyoming
2425,under18,2001,126212,Wyoming
2426,total,2000,494300,Wyoming
2427,under18,2000,128774,Wyoming
2428,total,1999,491780,Wyoming
2429,under18,1999,130793,Wyoming
2430,total,1997,489452,Wyoming
2431,under18,1997,134328,Wyoming
2432,under18,1998,132602,Wyoming
2433,total,1998,490787,Wyoming
2434,under18,1996,135698,Wyoming
2435,total,1996,488167,Wyoming
2436,total,1995,485160,Wyoming
2437,under18,1995,136785,Wyoming
2438,under18,1994,137733,Wyoming
2439,total,1994,480283,Wyoming
2440,under18,1992,137308,Wyoming
2441,total,1992,466251,Wyoming
2442,total,1993,473081,Wyoming
2443,under18,1993,137458,Wyoming
2444,total,1991,459260,Wyoming
2445,under18,1991,136720,Wyoming
2446,under18,1990,136078,Wyoming
2447,total,1990,453690,Wyoming
